mainroad,parking,guestroom,airconditioning,price,semi-furnished,bathrooms,prefarea,bedrooms,stories,area,furnished,unfurnished,basement
1,2,0,1,13300000,0,2,1,4,3,7420,1,0,0
1,3,0,1,12250000,0,4,0,4,4,8960,1,0,0
1,2,0,0,12250000,1,2,1,3,2,9960,0,0,1
1,3,0,1,12215000,0,2,1,4,2,7500,1,0,1
1,2,1,1,11410000,0,1,0,4,2,7420,1,0,1
1,2,0,1,10850000,1,3,1,3,1,7500,0,0,1
1,2,0,1,10150000,1,3,1,4,4,8580,0,0,0
1,0,0,0,10150000,0,3,0,5,2,16200,0,1,0
1,2,1,1,9870000,0,1,1,4,2,8100,1,0,1
1,1,1,1,9800000,0,2,1,3,4,5750,0,1,0
1,2,0,1,9800000,0,1,1,3,2,13200,1,0,1
1,2,1,0,9681000,1,3,0,4,2,6000,0,0,1
1,1,0,1,9310000,1,2,1,4,2,6550,0,0,0
1,2,0,0,9240000,0,2,0,4,2,3500,1,0,0
1,0,0,0,9240000,1,2,1,3,2,7800,0,0,0
1,2,0,0,9100000,1,1,0,4,2,6000,0,0,1
1,1,1,1,9100000,0,2,1,4,2,6600,0,1,1
1,2,0,1,8960000,0,2,0,3,4,8500,1,0,0
1,2,1,1,8890000,0,2,0,3,2,4600,1,0,0
1,1,0,1,8855000,1,2,1,3,2,6420,0,0,0
1,2,0,0,8750000,1,1,0,3,2,4320,0,0,1
1,2,1,1,8680000,0,2,0,3,1,7155,0,1,1
1,1,1,1,8645000,0,1,0,3,1,8050,1,0,1
1,1,1,1,8645000,0,2,0,3,2,4560,1,0,1
1,2,0,1,8575000,0,2,0,3,2,8800,1,0,0
1,2,1,1,8540000,0,2,1,4,2,6540,1,0,1
1,0,1,1,8463000,1,2,1,3,4,6000,0,0,1
1,1,0,0,8400000,1,1,0,3,1,8875,0,0,0
1,2,0,0,8400000,0,2,0,5,2,7950,0,1,1
1,1,0,1,8400000,1,2,1,4,2,5500,0,0,1
1,2,0,1,8400000,0,2,0,3,4,7475,0,1,0
1,2,0,1,8400000,1,1,0,3,4,7000,0,0,0
1,1,0,1,8295000,0,2,1,4,2,4880,1,0,0
1,1,1,0,8190000,0,3,0,3,2,5960,0,1,1
1,1,1,1,8120000,0,1,0,5,2,6840,1,0,1
1,2,0,1,8080940,0,2,0,3,4,7000,1,0,0
1,1,0,0,8043000,0,2,1,3,3,7482,1,0,0
1,2,0,1,7980000,0,2,0,4,4,9000,1,0,0
1,2,1,1,7962500,0,1,0,3,4,6000,0,1,0
1,1,0,1,7910000,1,2,0,4,4,6000,0,0,0
1,0,0,1,7875000,0,1,1,3,2,6550,1,0,1
1,0,0,1,7840000,0,2,1,3,4,6360,1,0,0
1,2,0,1,7700000,0,2,0,3,4,6480,0,1,0
1,2,0,0,7700000,1,2,0,4,4,6000,0,0,0
1,1,0,1,7560000,0,2,0,4,4,6000,1,0,0
1,0,0,1,7560000,1,2,0,3,3,6000,0,0,0
1,1,0,1,7525000,0,2,0,3,4,6000,1,0,0
1,3,0,1,7490000,0,1,1,3,4,6600,1,0,0
1,1,0,0,7455000,0,2,0,3,2,4300,0,1,1
1,0,1,1,7420000,1,2,1,3,1,7440,0,0,1
1,1,0,0,7420000,0,2,1,3,4,7440,0,1,0
1,1,0,1,7420000,0,1,0,3,4,6325,0,1,0
1,1,1,1,7350000,0,2,0,4,4,6000,1,0,0
1,2,0,1,7350000,1,2,0,3,4,5150,0,0,0
1,1,1,1,7350000,1,2,0,3,2,6000,0,0,0
1,1,0,1,7350000,0,1,0,3,2,6000,0,1,0
1,1,0,0,7343000,1,1,1,4,2,11440,0,0,1
1,1,1,1,7245000,0,2,1,4,4,9000,1,0,0
1,1,1,1,7210000,1,2,0,4,4,7680,0,0,0
1,1,1,1,7210000,0,2,0,3,4,6000,1,0,0
1,1,1,0,7140000,1,2,0,3,2,6000,0,0,0
1,1,0,1,7070000,1,1,0,2,1,8880,0,0,0
1,1,0,1,7070000,0,2,0,4,2,6240,1,0,0
1,2,0,1,7035000,0,2,1,4,3,6360,1,0,0
1,1,0,1,7000000,0,1,1,3,1,11175,1,0,1
1,1,0,1,6930000,0,2,0,3,2,8880,1,0,1
1,1,0,0,6930000,0,1,0,2,1,13200,1,0,1
1,2,0,0,6895000,0,2,0,3,1,7700,0,1,0
1,1,0,1,6860000,0,1,0,3,1,6000,1,0,0
1,2,0,0,6790000,0,2,1,4,2,12090,1,0,0
1,0,0,1,6790000,1,2,1,3,2,4000,0,0,1
1,0,0,1,6755000,0,2,0,4,4,6000,0,1,0
1,0,0,1,6720000,0,1,1,3,4,5020,0,1,0
1,0,0,0,6685000,0,2,1,2,4,6600,1,0,1
1,1,0,0,6650000,0,1,0,3,2,4040,1,0,1
1,0,0,0,6650000,1,2,0,4,2,4260,0,0,0
1,0,0,1,6650000,0,2,1,3,3,6420,1,0,0
1,0,0,1,6650000,0,2,1,3,3,6500,1,0,0
1,2,1,1,6650000,0,1,1,3,1,5700,1,0,1
1,0,1,1,6650000,0,2,0,3,3,6000,1,0,0
1,1,0,0,6629000,1,1,1,3,2,6000,0,0,0
1,1,0,1,6615000,1,2,0,3,2,4000,0,0,1
1,1,0,1,6615000,0,2,1,3,1,10500,1,0,1
1,0,0,1,6580000,1,2,0,3,4,6000,0,0,0
1,2,0,0,6510000,1,1,0,3,2,3760,0,0,0
1,0,0,1,6510000,0,2,0,3,3,8250,1,0,0
1,0,0,0,6510000,0,1,1,3,3,6670,0,1,1
1,2,0,0,6475000,1,1,0,3,1,3960,0,0,1
1,2,1,1,6475000,0,1,1,3,1,7410,0,1,1
1,2,0,0,6440000,0,3,0,5,2,8580,1,0,0
1,0,0,1,6440000,1,1,0,3,2,5000,0,0,0
1,2,1,0,6419000,0,1,1,2,1,6750,1,0,1
1,0,1,1,6405000,0,2,0,3,4,4800,1,0,0
1,3,0,1,6300000,1,2,0,3,1,7200,0,0,1
1,1,0,0,6300000,1,2,0,4,4,6000,0,0,0
1,2,0,1,6300000,1,2,0,3,3,4100,0,0,0
1,1,0,0,6300000,0,1,1,3,1,9000,1,0,1
1,1,1,1,6300000,1,1,1,3,1,6400,0,0,1
1,0,0,1,6293000,0,2,1,3,3,6600,0,1,0
1,0,1,0,6265000,0,1,1,4,3,6000,0,1,1
1,0,0,1,6230000,0,2,1,3,1,6600,0,1,1
1,1,0,0,6230000,0,1,1,3,3,5500,0,1,0
1,1,1,1,6195000,1,2,0,3,4,5500,0,0,0
1,0,1,1,6195000,0,2,0,3,3,6350,1,0,0
1,2,1,0,6195000,0,2,1,3,1,5500,1,0,1
1,0,0,1,6160000,0,1,0,3,4,4500,0,1,0
1,0,0,1,6160000,1,2,1,4,1,5450,0,0,1
1,0,0,0,6125000,0,1,1,3,3,6420,0,1,1
1,1,0,0,6107500,1,1,0,4,3,3240,0,0,0
1,1,1,0,6090000,1,2,0,4,2,6615,0,0,0
1,2,1,0,6090000,1,1,1,3,1,6600,0,0,1
1,2,0,1,6090000,0,1,0,3,3,8372,0,1,0
1,0,0,0,6083000,0,2,0,6,2,4300,1,0,0
1,2,0,0,6083000,0,1,1,3,1,9620,1,0,1
1,2,1,0,6020000,0,1,0,2,1,6800,1,0,1
1,2,1,1,6020000,1,1,1,3,1,8000,0,0,1
1,0,1,0,6020000,0,2,1,3,1,6900,0,1,1
1,0,1,1,5950000,0,1,0,4,2,3700,1,0,0
1,0,0,1,5950000,0,1,1,3,1,6420,1,0,1
1,2,0,1,5950000,1,1,1,3,1,7020,0,0,1
1,2,1,0,5950000,0,1,1,3,1,6540,1,0,1
1,0,1,1,5950000,1,1,1,3,2,7231,0,0,1
1,1,0,0,5950000,1,2,1,4,1,6254,0,0,1
1,0,0,0,5950000,0,2,0,4,2,7320,1,0,0
1,1,0,0,5950000,0,2,0,3,4,6525,1,0,0
1,2,0,1,5943000,1,1,0,3,1,15600,0,0,0
1,2,0,0,5880000,0,1,1,3,1,7160,0,1,1
1,0,0,1,5880000,0,2,0,3,3,6500,0,1,0
1,1,1,1,5873000,0,1,0,3,3,5500,1,0,0
1,2,0,0,5873000,1,1,1,3,3,11460,0,0,0
1,0,1,0,5866000,0,1,0,3,1,4800,0,1,1
1,0,1,0,5810000,1,1,0,4,4,5828,0,0,0
1,0,0,1,5810000,1,1,0,3,3,5200,0,0,0
1,0,0,1,5810000,0,1,0,3,3,4800,0,1,0
1,2,0,0,5803000,1,1,1,3,1,7000,0,0,1
1,0,0,1,5775000,0,2,0,3,4,6000,0,1,0
1,2,0,1,5740000,0,2,0,4,2,5400,0,1,0
1,1,0,0,5740000,1,1,0,4,2,4640,0,0,0
1,0,0,1,5740000,1,1,0,3,3,5000,0,0,0
1,2,1,1,5740000,0,1,1,3,1,6360,1,0,1
1,0,0,1,5740000,0,2,0,3,4,5800,0,1,0
1,1,1,0,5652500,1,2,1,4,2,6660,0,0,1
1,1,0,0,5600000,1,2,0,4,2,10500,0,0,0
0,0,0,0,5600000,0,2,0,5,3,4800,0,1,1
1,1,1,1,5600000,0,1,0,4,2,4700,1,0,1
1,0,0,0,5600000,0,1,0,3,4,5000,1,0,0
1,1,0,0,5600000,1,1,0,2,1,10500,0,0,0
1,1,0,0,5600000,1,2,0,3,2,5500,0,0,0
1,0,0,0,5600000,1,1,1,3,3,6360,0,0,0
1,0,0,0,5600000,1,2,1,4,1,6600,0,0,1
1,0,1,1,5600000,0,1,1,3,2,5136,0,1,1
1,2,0,1,5565000,1,1,1,4,2,4400,0,0,0
1,0,1,1,5565000,0,1,1,5,2,5400,1,0,1
1,0,0,0,5530000,1,3,0,3,2,3300,0,0,1
1,2,0,0,5530000,1,2,0,3,2,3650,0,0,0
1,2,0,0,5530000,0,2,1,3,1,6100,1,0,1
1,0,1,0,5523000,1,1,1,3,1,6900,0,0,1
0,1,1,0,5495000,0,2,0,4,2,2817,1,0,1
1,2,0,0,5495000,1,1,0,3,1,7980,0,0,0
1,0,1,1,5460000,0,2,0,3,1,3150,1,0,1
1,0,1,1,5460000,0,1,0,4,4,6210,1,0,0
1,0,1,1,5460000,1,1,1,3,3,6100,0,0,0
1,0,1,0,5460000,1,2,1,4,2,6600,0,0,1
1,0,1,1,5425000,1,1,1,3,1,6825,0,0,1
1,1,1,0,5390000,0,2,1,3,2,6710,1,0,1
1,0,1,0,5383000,0,2,0,3,1,6450,0,1,1
1,2,0,1,5320000,0,1,1,3,1,7800,0,1,1
1,2,0,1,5285000,1,2,0,2,1,4600,0,0,0
1,0,0,1,5250000,0,1,0,4,2,4260,1,0,1
0,0,0,1,5250000,1,2,0,4,2,6540,0,0,0
1,0,0,0,5250000,1,2,0,3,1,5500,0,0,1
1,1,0,0,5250000,1,1,1,3,1,10269,0,0,0
1,2,1,1,5250000,0,1,1,3,2,8400,0,1,1
1,0,0,1,5250000,0,2,1,4,1,5300,0,1,0
1,1,1,0,5250000,0,1,1,3,2,3800,0,1,1
1,2,1,0,5250000,1,2,0,4,2,9800,0,0,0
1,2,0,1,5250000,0,1,0,3,1,8520,1,0,0
1,0,0,0,5243000,1,1,1,3,1,6050,0,0,1
1,2,1,0,5229000,1,1,1,3,1,7085,0,0,1
1,2,0,0,5215000,1,2,0,3,2,3180,0,0,0
0,2,0,1,5215000,1,2,0,4,1,4500,0,0,1
1,1,1,0,5215000,0,1,1,3,2,7200,1,0,1
0,0,0,1,5145000,1,1,0,3,2,3410,0,0,0
1,1,0,0,5145000,1,1,1,3,1,7980,0,0,0
1,0,1,0,5110000,0,2,0,3,2,3000,1,0,1
1,0,0,0,5110000,0,1,0,3,2,3000,0,1,1
1,0,0,0,5110000,0,1,1,2,2,11410,1,0,0
1,0,0,1,5110000,1,1,1,3,1,6100,0,0,1
1,0,0,1,5075000,0,1,1,2,2,5720,0,1,0
0,0,1,0,5040000,1,1,0,2,1,3540,0,0,1
1,2,0,1,5040000,0,1,0,4,2,7600,1,0,0
1,0,1,0,5040000,1,1,0,3,2,10700,0,0,1
1,0,1,0,5040000,0,1,1,3,1,6600,1,0,1
1,0,1,0,5033000,1,1,0,2,1,4800,0,0,1
1,0,1,0,5005000,1,2,0,3,1,8150,0,0,1
1,2,0,0,4970000,1,3,0,4,2,4410,0,0,1
1,0,1,0,4970000,1,1,0,3,1,7686,0,0,1
0,1,0,1,4956000,1,2,0,3,2,2800,0,0,1
1,0,0,1,4935000,1,1,0,3,2,5948,0,0,0
1,1,0,0,4907000,0,1,0,3,2,4200,1,0,0
1,0,0,1,4900000,1,1,0,3,2,4520,0,0,1
0,0,1,1,4900000,1,1,0,3,2,4095,0,0,1
1,1,0,0,4900000,1,1,0,2,1,4120,0,0,1
1,0,0,0,4900000,1,1,0,4,2,5400,0,0,0
1,0,1,0,4900000,1,1,0,3,1,4770,0,0,1
1,2,0,1,4900000,1,1,0,3,1,6300,0,0,0
1,0,1,1,4900000,1,1,0,2,1,5800,0,0,1
1,0,0,1,4900000,1,1,0,3,2,3000,0,0,1
1,0,0,0,4900000,1,1,0,3,3,2970,0,0,0
1,0,0,0,4900000,0,1,0,3,1,6720,0,1,0
1,2,1,0,4900000,1,1,0,3,2,4646,0,0,1
1,2,0,0,4900000,0,1,0,3,1,12900,1,0,0
1,2,0,1,4893000,1,2,0,4,2,3420,0,0,1
1,0,0,0,4893000,1,2,0,4,1,4995,0,0,1
1,0,0,0,4865000,0,1,0,2,1,4350,0,1,1
1,0,0,0,4830000,0,1,0,3,3,4160,0,1,0
1,2,0,0,4830000,1,1,1,3,1,6040,0,0,0
1,2,0,1,4830000,0,1,1,3,2,6862,1,0,0
1,0,0,1,4830000,1,1,1,2,1,4815,0,0,0
1,0,0,0,4795000,0,1,0,3,2,7000,0,1,1
1,2,0,1,4795000,1,1,0,4,4,8100,0,0,1
1,0,0,0,4767000,1,2,0,4,2,3420,0,0,0
1,2,0,1,4760000,1,1,0,2,1,9166,0,0,1
1,1,0,1,4760000,0,1,0,3,2,6321,1,0,1
1,2,0,1,4760000,0,1,1,2,1,10240,0,1,0
1,3,0,1,4753000,1,1,0,2,1,6440,0,0,0
1,0,0,1,4690000,1,1,0,3,4,5170,0,0,0
1,1,0,1,4690000,0,1,0,2,1,6000,1,0,1
1,2,0,0,4690000,1,1,0,3,2,3630,0,0,0
1,1,1,0,4690000,1,2,0,4,2,9667,0,0,1
1,0,0,0,4690000,1,1,1,2,2,5400,0,0,0
1,0,0,0,4690000,1,1,1,3,1,4320,0,0,0
1,0,0,0,4655000,0,1,0,3,2,3745,1,0,1
1,0,1,1,4620000,0,1,0,3,1,4160,0,1,1
1,2,0,0,4620000,1,2,0,3,2,3880,0,0,1
1,1,1,1,4620000,1,1,0,3,2,5680,0,0,0
1,0,1,0,4620000,1,1,1,2,2,2870,0,0,1
1,0,0,0,4620000,1,1,0,3,2,5010,0,0,1
1,0,0,0,4613000,1,2,0,4,2,4510,0,0,1
1,1,0,0,4585000,0,1,0,3,2,4000,1,0,0
1,1,0,0,4585000,1,1,1,3,2,3840,0,0,0
1,2,0,0,4550000,1,1,0,3,1,3760,0,0,0
1,0,0,1,4550000,0,1,0,3,2,3640,1,0,0
1,0,0,0,4550000,0,1,0,3,2,2550,1,0,1
1,0,1,0,4550000,1,1,1,3,2,5320,0,0,1
1,2,0,0,4550000,0,1,1,3,2,5360,0,1,0
1,0,0,0,4550000,1,1,1,3,1,3520,0,0,0
1,3,0,0,4550000,0,1,0,4,4,8400,0,1,0
1,0,1,0,4543000,1,2,0,2,1,4100,0,0,1
1,0,1,0,4543000,0,2,1,4,2,4990,1,0,1
1,0,0,0,4515000,1,1,0,3,3,3510,0,0,0
1,1,0,0,4515000,1,1,0,3,2,3450,0,0,1
1,0,0,0,4515000,1,1,0,3,1,9860,0,0,0
1,0,0,0,4515000,0,1,1,2,2,3520,1,0,0
1,2,0,1,4480000,1,1,0,4,2,4510,0,0,0
1,1,0,1,4480000,0,1,0,2,1,5885,0,1,0
1,2,0,0,4480000,0,1,0,3,2,4000,1,0,0
1,0,0,0,4480000,0,1,0,3,1,8250,1,0,0
1,1,0,0,4480000,1,1,0,3,2,4040,0,0,0
1,1,0,1,4473000,0,1,0,2,1,6360,1,0,1
1,1,0,1,4473000,0,1,0,3,2,3162,1,0,0
1,0,0,0,4473000,1,1,0,3,2,3510,0,0,0
1,0,1,0,4445000,1,1,0,2,1,3750,0,0,1
0,0,0,0,4410000,1,1,0,3,2,3968,0,0,0
1,0,0,0,4410000,1,1,0,2,2,4900,0,0,1
1,0,0,0,4403000,1,1,1,3,2,2880,0,0,0
1,2,0,0,4403000,0,1,1,3,1,4880,0,1,0
1,1,0,0,4403000,1,1,0,3,2,4920,0,0,0
1,0,0,1,4382000,1,1,0,4,2,4950,0,0,0
1,0,0,0,4375000,0,1,0,3,2,3900,0,1,0
1,1,0,0,4340000,0,2,0,3,3,4500,1,0,0
0,0,0,0,4340000,1,1,0,5,2,1905,0,0,1
1,2,1,0,4340000,1,1,0,3,1,4075,0,0,1
1,2,0,0,4340000,0,1,0,4,2,3500,1,0,0
1,0,0,0,4340000,1,1,0,4,2,6450,0,0,0
1,0,0,0,4319000,0,1,0,2,1,4032,1,0,1
1,1,0,0,4305000,1,1,0,2,1,4400,0,0,0
1,1,0,0,4305000,1,1,1,2,1,10360,0,0,0
1,2,0,0,4277000,1,1,1,3,2,3400,0,0,1
1,0,0,0,4270000,0,1,0,2,1,6360,1,0,0
1,0,0,0,4270000,0,1,0,2,2,6360,0,1,0
1,2,0,1,4270000,0,1,0,2,1,4500,1,0,0
0,0,1,1,4270000,0,1,0,3,2,2175,0,1,1
1,0,0,0,4270000,0,1,0,4,2,4360,1,0,0
1,1,0,0,4270000,0,1,0,2,1,7770,1,0,0
1,0,1,0,4235000,1,1,0,3,2,6650,0,0,0
1,0,0,0,4235000,0,1,1,3,1,2787,1,0,1
1,0,0,1,4200000,0,1,0,3,2,5500,0,1,0
1,0,0,1,4200000,0,1,0,3,2,5040,0,1,1
1,2,1,0,4200000,1,1,0,2,1,5850,0,0,1
0,0,0,0,4200000,1,3,0,4,2,2610,0,0,0
1,0,0,1,4200000,0,1,0,3,2,2953,0,1,1
0,0,0,0,4200000,1,2,0,4,2,2747,0,0,0
0,1,0,0,4200000,0,1,0,2,1,4410,0,1,0
0,0,0,0,4200000,1,2,0,4,2,4000,0,0,0
0,0,0,0,4200000,1,1,0,3,2,2325,0,0,0
1,1,0,1,4200000,1,2,0,3,2,4600,0,0,0
1,0,0,0,4200000,0,2,0,3,2,3640,0,1,1
1,2,0,0,4200000,1,1,0,3,1,5800,0,0,0
1,3,0,0,4200000,0,1,0,3,1,7000,1,0,0
1,0,0,0,4200000,1,1,0,3,3,4079,0,0,0
1,0,0,0,4200000,1,1,1,3,2,3520,0,0,0
1,1,0,0,4200000,0,1,1,3,3,2145,0,1,0
1,0,0,0,4200000,0,1,0,3,1,4500,1,0,1
1,3,0,0,4193000,1,1,0,3,1,8250,0,0,1
1,1,0,0,4193000,1,1,0,3,2,3450,0,0,0
1,1,0,0,4165000,1,1,0,3,2,4840,0,0,0
1,2,0,0,4165000,1,1,0,3,2,4080,0,0,0
1,1,0,0,4165000,1,1,0,3,2,4046,0,0,1
1,0,0,1,4130000,1,1,0,4,2,4632,0,0,0
1,0,0,0,4130000,1,1,0,3,1,5985,0,0,1
1,1,0,0,4123000,1,1,0,2,1,6060,0,0,1
1,0,0,1,4098500,0,1,1,3,1,3600,1,0,1
1,0,0,0,4095000,1,2,0,3,2,3680,0,0,0
1,1,0,0,4095000,1,1,0,2,2,4040,0,0,0
1,0,0,1,4095000,1,1,0,2,1,5600,0,0,0
0,1,0,0,4060000,0,2,0,4,2,5900,0,1,1
1,2,0,0,4060000,0,2,0,3,2,4992,0,1,0
1,0,0,0,4060000,1,1,0,3,1,4340,0,0,0
1,2,0,1,4060000,1,1,0,4,3,3000,0,0,1
1,2,0,0,4060000,0,1,1,3,2,4320,1,0,0
1,2,0,0,4025000,1,2,0,3,2,3630,0,0,0
1,1,0,1,4025000,0,2,0,3,1,3460,1,0,1
1,3,0,0,4025000,1,1,0,3,1,5400,0,0,0
0,0,0,1,4007500,1,1,0,3,2,4500,0,0,1
1,0,0,1,4007500,1,1,0,4,2,3460,0,0,0
0,0,0,0,3990000,0,1,0,4,1,4100,0,1,1
0,1,0,1,3990000,1,1,0,3,2,6480,0,0,0
0,0,0,1,3990000,1,2,0,3,2,4500,0,0,1
1,0,0,0,3990000,0,1,0,3,2,3960,1,0,0
1,0,1,0,3990000,0,1,1,2,2,4050,0,1,1
1,3,1,0,3920000,0,2,0,3,1,7260,1,0,1
1,0,1,0,3920000,1,1,0,4,2,5500,0,0,1
1,0,0,0,3920000,1,1,0,3,2,3000,0,0,0
1,1,0,0,3920000,0,1,0,2,1,3290,1,0,0
1,2,0,1,3920000,0,1,0,2,1,3816,1,0,1
1,2,0,1,3920000,1,1,0,3,1,8080,0,0,0
1,0,0,0,3920000,0,2,1,4,1,2145,0,1,1
1,0,1,0,3885000,1,1,0,2,2,3780,0,0,1
1,0,0,0,3885000,0,2,0,4,2,3180,1,0,0
1,0,0,0,3850000,1,2,0,5,2,5300,0,0,0
1,2,0,0,3850000,1,2,0,2,1,3180,0,0,1
1,0,0,1,3850000,0,1,0,3,2,7152,1,0,0
1,0,0,0,3850000,1,1,0,2,1,4080,0,0,0
1,0,0,0,3850000,1,1,0,2,1,3850,0,0,0
1,0,0,0,3850000,1,1,1,3,2,2015,0,0,1
1,0,1,0,3850000,1,1,1,2,2,2176,0,0,0
1,0,0,0,3836000,0,1,0,3,2,3350,0,1,0
0,0,0,0,3815000,1,2,0,2,1,3150,0,0,1
1,0,0,0,3780000,1,1,0,3,2,4820,0,0,0
1,1,0,0,3780000,1,1,0,2,2,3420,0,0,0
1,0,0,0,3780000,1,1,0,2,1,3600,0,0,0
1,2,0,0,3780000,0,1,0,2,1,5830,0,1,0
1,0,0,0,3780000,0,1,1,3,3,2856,1,0,0
1,1,0,0,3780000,0,1,0,2,1,8400,1,0,0
1,2,0,0,3773000,0,1,0,3,1,8250,1,0,0
0,1,0,1,3773000,0,2,0,5,1,2520,1,0,1
0,1,0,0,3773000,0,1,0,4,2,6930,1,0,0
1,0,0,0,3745000,1,1,1,2,1,3480,0,0,0
1,1,0,0,3710000,0,1,0,3,1,3600,0,1,0
1,0,0,0,3710000,1,1,0,2,1,4040,0,0,0
1,0,0,0,3710000,1,1,0,3,1,6020,0,0,0
1,0,0,0,3710000,0,1,0,2,1,4050,1,0,0
1,0,0,0,3710000,1,1,0,2,1,3584,0,0,0
0,0,0,0,3703000,1,1,0,3,2,3120,0,0,1
1,0,0,0,3703000,0,1,0,2,1,5450,1,0,0
1,0,0,0,3675000,0,1,0,2,1,3630,1,0,1
1,0,0,1,3675000,0,1,0,2,1,3630,0,1,0
0,0,0,0,3675000,1,1,0,2,1,5640,0,0,0
1,0,0,0,3675000,0,1,0,2,1,3600,1,0,0
1,2,0,1,3640000,1,1,0,2,1,4280,0,0,0
1,0,0,0,3640000,1,1,0,3,2,3570,0,0,1
0,0,0,0,3640000,1,1,0,3,2,3180,0,0,1
1,0,0,1,3640000,0,1,0,2,2,3000,1,0,0
1,0,0,0,3640000,1,2,0,2,1,3520,0,0,1
1,0,1,0,3640000,0,1,0,3,2,5960,0,1,1
1,2,0,0,3640000,1,2,0,3,2,4130,0,0,0
0,0,0,0,3640000,0,2,1,3,2,2850,0,1,1
1,0,0,1,3640000,1,1,1,3,3,2275,0,0,0
1,2,0,0,3633000,0,1,1,3,1,3520,0,1,0
1,0,0,0,3605000,1,1,0,2,1,4500,0,0,0
1,0,0,0,3605000,1,1,1,2,1,4000,0,0,0
1,0,0,0,3570000,0,1,0,3,2,3150,1,0,1
1,2,0,0,3570000,0,2,0,4,2,4500,1,0,1
0,0,0,0,3570000,0,1,0,2,1,4500,1,0,0
1,0,0,0,3570000,0,1,0,2,1,3640,0,1,0
1,2,0,0,3535000,0,1,0,3,1,3850,0,1,0
1,0,0,1,3500000,1,1,0,3,2,4240,0,0,0
1,0,0,0,3500000,0,1,0,3,2,3650,0,1,0
1,0,0,0,3500000,1,1,0,4,2,4600,0,0,0
0,0,0,0,3500000,0,2,0,3,2,2135,0,1,0
1,0,0,0,3500000,1,1,0,3,2,3036,0,0,1
1,0,0,0,3500000,1,1,0,3,2,3990,0,0,0
0,0,0,0,3500000,0,1,0,3,1,7424,0,1,0
0,0,0,1,3500000,0,1,0,3,1,3480,0,1,0
1,1,0,0,3500000,0,1,0,6,2,3600,0,1,0
1,1,0,0,3500000,1,1,0,2,1,3640,0,0,0
1,1,0,0,3500000,0,1,0,2,1,5900,1,0,0
1,1,0,0,3500000,0,1,0,3,2,3120,0,1,0
1,1,0,0,3500000,1,1,0,2,1,7350,0,0,0
1,1,0,0,3500000,0,1,1,2,1,3512,0,1,0
1,3,0,0,3500000,0,1,1,3,2,9500,0,1,0
1,0,0,0,3500000,0,1,0,2,1,5880,0,1,0
1,0,0,0,3500000,0,1,0,3,1,12944,0,1,0
0,0,0,0,3493000,0,1,0,3,2,4900,0,1,0
1,0,0,0,3465000,0,1,0,3,1,3060,0,1,0
1,1,0,0,3465000,0,1,1,2,1,5320,0,1,0
1,0,0,0,3465000,0,1,1,3,3,2145,1,0,0
1,0,0,0,3430000,0,1,0,2,1,4000,0,1,0
1,2,0,0,3430000,0,1,0,2,1,3185,0,1,0
1,0,0,0,3430000,0,1,0,3,1,3850,0,1,0
1,0,0,0,3430000,0,1,1,3,3,2145,1,0,0
1,0,0,0,3430000,0,1,1,3,2,2610,0,1,1
1,0,0,0,3430000,0,2,1,3,2,1950,0,1,1
1,0,0,0,3423000,0,1,0,2,1,4040,0,1,0
1,1,1,1,3395000,0,1,0,3,2,4785,1,0,1
1,2,0,0,3395000,0,1,0,3,1,3450,0,1,1
1,0,0,0,3395000,0,1,0,2,1,3640,1,0,0
1,2,0,1,3360000,0,1,0,4,2,3500,0,1,0
0,0,0,0,3360000,1,1,0,4,3,4960,0,0,0
1,0,0,0,3360000,0,1,0,2,2,4120,0,1,0
1,0,0,0,3360000,0,1,0,2,1,4750,0,1,0
0,0,0,1,3360000,0,1,0,2,1,3720,0,1,0
1,0,0,0,3360000,0,1,0,3,1,3750,0,1,0
0,0,0,0,3360000,1,1,0,3,2,3100,0,0,1
1,2,0,0,3360000,0,1,0,2,1,3185,1,0,1
0,0,0,0,3353000,0,1,0,3,1,2700,1,0,0
1,0,0,0,3332000,0,1,1,3,2,2145,1,0,1
1,1,0,0,3325000,0,1,0,2,1,4040,0,1,0
1,0,0,0,3325000,0,1,0,4,2,4775,0,1,0
0,0,0,1,3290000,0,1,0,2,1,2500,0,1,0
1,0,0,1,3290000,0,1,0,4,2,3180,0,1,1
1,0,1,0,3290000,0,1,0,3,1,6060,1,0,1
0,1,0,0,3290000,1,1,0,4,2,3480,0,0,0
1,0,0,0,3290000,1,1,0,4,2,3792,0,0,0
1,0,0,0,3290000,0,1,0,2,1,4040,0,1,0
1,0,0,0,3290000,0,1,1,3,2,2145,1,0,1
1,1,0,0,3290000,0,1,0,3,1,5880,0,1,0
0,0,0,0,3255000,1,1,0,2,1,4500,0,0,0
0,0,0,0,3255000,0,1,0,2,1,3930,0,1,0
1,0,0,0,3234000,0,1,0,4,2,3640,0,1,1
1,0,0,0,3220000,0,1,0,3,2,4370,0,1,0
1,1,0,1,3220000,0,1,0,2,1,2684,0,1,0
0,1,0,0,3220000,0,1,0,3,1,4320,0,1,0
0,0,0,0,3220000,0,1,0,3,2,3120,1,0,0
1,0,0,0,3150000,0,1,0,1,1,3450,1,0,0
0,1,1,0,3150000,0,2,0,2,1,3986,0,1,1
0,0,0,0,3150000,1,1,0,2,1,3500,0,0,1
1,2,0,0,3150000,1,1,0,2,1,4095,0,0,0
0,0,0,0,3150000,0,1,0,3,2,1650,0,1,1
1,0,0,0,3150000,1,1,0,3,2,3450,0,0,1
1,0,0,0,3150000,1,1,0,2,1,6750,0,0,0
1,2,0,0,3150000,1,1,0,3,2,9000,0,0,0
1,1,0,0,3150000,0,1,0,2,1,3069,0,1,0
1,0,0,1,3143000,0,1,0,3,2,4500,0,1,0
1,0,0,0,3129000,0,1,0,3,1,5495,0,1,1
1,0,0,0,3118850,1,1,1,3,1,2398,0,0,0
0,0,0,1,3115000,0,1,0,3,1,3000,0,1,0
1,0,0,0,3115000,0,1,0,3,2,3850,0,1,0
1,0,0,0,3115000,0,1,0,2,1,3500,0,1,0
1,1,0,0,3087000,0,1,0,2,1,8100,0,1,0
1,0,0,1,3080000,0,1,0,2,1,4960,0,1,1
0,0,0,0,3080000,1,1,0,3,2,2160,0,0,1
1,0,1,0,3080000,0,1,0,2,1,3090,0,1,1
1,1,0,0,3080000,1,1,0,2,2,4500,0,0,0
1,0,0,0,3045000,0,1,0,2,1,3800,0,1,0
0,0,0,0,3010000,1,1,0,3,2,3090,0,0,0
1,2,0,0,3010000,1,1,0,3,2,3240,0,0,0
1,0,0,0,3010000,1,1,0,2,1,2835,0,0,0
1,0,0,0,3010000,0,1,0,2,1,4600,1,0,0
0,0,0,0,3010000,0,1,0,3,1,5076,0,1,0
1,0,0,0,3010000,0,1,0,3,2,3750,0,1,0
1,3,0,0,3010000,1,1,0,4,2,3630,0,0,0
1,0,0,0,3003000,0,1,0,2,1,8050,0,1,0
0,1,0,0,2975000,0,1,0,4,2,4352,0,1,0
1,0,0,0,2961000,1,1,0,2,2,3000,0,0,0
1,1,0,0,2940000,0,1,0,3,2,5850,0,1,1
1,0,0,0,2940000,0,1,0,2,1,4960,0,1,0
0,1,0,0,2940000,0,1,0,3,2,3600,0,1,0
0,0,0,0,2940000,0,1,0,4,2,3660,0,1,0
0,1,0,0,2940000,1,1,0,3,2,3480,0,0,0
0,0,0,0,2940000,0,1,0,2,1,2700,1,0,0
0,0,0,0,2940000,0,1,0,3,2,3150,0,1,0
1,0,0,0,2940000,1,1,0,3,2,6615,0,0,0
0,0,0,0,2870000,0,1,0,2,1,3040,0,1,0
1,0,0,0,2870000,0,1,0,2,1,3630,0,1,0
1,0,0,0,2870000,1,1,0,2,1,6000,0,0,0
1,0,0,0,2870000,0,1,0,4,2,5400,0,1,0
1,0,0,0,2852500,0,1,0,4,3,5200,0,1,0
0,1,0,0,2835000,1,1,0,3,2,3300,0,0,0
0,1,0,0,2835000,0,1,0,3,2,4350,0,1,0
0,1,0,0,2835000,0,1,0,2,1,2640,1,0,0
1,1,0,0,2800000,0,1,0,3,2,2650,0,1,1
1,0,0,0,2800000,0,1,0,3,1,3960,1,0,0
1,0,0,0,2730000,0,1,0,2,1,6800,0,1,0
1,1,0,0,2730000,0,1,0,3,2,4000,0,1,0
1,0,0,0,2695000,0,1,0,2,1,4000,0,1,0
1,0,0,0,2660000,0,1,0,2,1,3934,0,1,0
1,0,0,0,2660000,1,1,0,2,2,2000,0,0,0
0,0,1,0,2660000,0,3,0,3,2,3630,0,1,0
1,0,0,0,2660000,0,1,0,3,1,2800,0,1,0
0,0,0,0,2660000,0,1,0,3,1,2430,0,1,0
1,1,0,0,2660000,1,1,0,2,1,3480,0,0,0
1,0,0,0,2660000,1,1,0,3,1,4000,0,0,0
1,0,0,1,2653000,0,1,0,2,1,3185,0,1,0
1,0,0,1,2653000,0,1,0,3,2,4000,0,1,0
0,0,0,0,2604000,0,1,0,2,1,2910,0,1,0
1,0,0,0,2590000,0,1,0,2,1,3600,0,1,0
1,0,0,0,2590000,0,1,0,2,1,4400,0,1,0
1,1,0,0,2590000,0,2,0,2,2,3600,1,0,1
0,0,0,0,2520000,0,1,0,3,1,2880,0,1,0
0,0,0,0,2520000,0,1,0,3,1,3180,0,1,0
1,0,0,0,2520000,0,1,0,2,2,3000,1,0,0
1,0,0,0,2485000,0,1,0,3,2,4400,0,1,0
0,0,0,0,2485000,1,1,0,3,2,3000,0,0,0
1,0,0,0,2450000,0,1,0,3,2,3210,0,1,1
0,1,1,0,2450000,0,1,0,2,1,3240,0,1,0
1,1,0,0,2450000,0,1,0,2,1,3000,0,1,0
1,0,1,0,2450000,0,1,0,2,1,3500,0,1,0
1,0,0,0,2450000,0,1,0,2,2,4840,0,1,0
1,0,0,0,2450000,0,1,0,2,1,7700,0,1,0
0,0,0,0,2408000,0,1,0,2,1,3635,0,1,0
1,0,0,0,2380000,0,1,0,3,2,2475,1,0,0
1,0,0,0,2380000,0,2,0,4,2,2787,1,0,0
1,0,0,0,2380000,0,1,0,2,1,3264,0,1,0
1,0,0,0,2345000,0,1,0,2,1,3640,0,1,0
1,0,0,0,2310000,0,1,0,2,1,3180,0,1,0
0,0,0,0,2275000,1,1,0,2,1,1836,0,0,1
0,0,0,0,2275000,0,1,0,1,1,3970,0,1,0
1,0,0,0,2275000,0,1,0,3,2,3970,0,1,1
0,0,0,0,2240000,0,1,0,3,1,1950,0,1,0
0,0,0,1,2233000,0,1,1,3,1,5300,0,1,0
0,0,0,0,2135000,0,1,0,2,1,3000,0,1,0
1,0,0,0,2100000,0,1,0,3,2,2400,0,1,0
1,0,0,0,2100000,0,1,0,4,2,3000,0,1,0
1,1,0,0,2100000,0,1,0,2,1,3360,0,1,0
0,0,0,0,1960000,0,1,0,5,2,3420,0,1,0
1,0,0,0,1890000,0,1,0,3,2,1700,0,1,0
1,0,0,0,1890000,0,1,0,2,1,3649,0,1,0
0,1,0,0,1855000,0,1,0,2,1,2990,0,1,0
1,2,0,0,1820000,0,1,0,2,1,3000,0,1,1
0,0,0,0,1767150,1,1,0,3,1,2400,0,0,0
1,0,0,0,1750000,0,1,0,2,1,3620,0,1,0
0,0,0,0,1750000,0,1,0,3,1,2910,1,0,0
1,0,0,0,1750000,0,1,0,3,2,3850,0,1,0
0,1,0,0,5860130,0,1,0,3,2,8314,0,0,0
0,0,0,0,3301236,0,0,0,2,1,4039,0,1,0
1,0,0,0,3833189,0,1,0,2,2,4082,1,0,0
0,0,0,0,5178219,0,1,0,3,1,4565,0,0,1
1,0,0,0,6639672,0,1,0,3,3,5900,0,0,0
0,0,0,0,5286767,0,0,0,3,1,4776,0,0,0
1,0,0,0,6121301,1,1,0,3,2,7174,0,0,0
0,0,0,0,3857698,0,0,0,3,1,3842,0,0,0
0,0,0,0,4301260,0,1,0,3,1,5681,0,0,0
0,0,0,0,3606703,0,0,1,2,2,2659,0,0,0
0,0,0,0,3356582,0,0,0,3,1,3541,0,0,0
1,0,0,0,9554598,0,2,0,4,1,14216,0,0,0
0,0,0,0,4006066,0,0,0,3,2,3821,0,0,0
1,0,0,0,5891924,0,1,0,3,2,5592,0,0,0
1,0,0,0,5891694,0,1,0,3,1,4969,0,0,0
0,0,0,0,4105827,0,1,0,2,1,5359,0,0,0
1,0,0,0,4374697,0,0,0,2,1,4822,0,0,0
0,1,0,0,2319752,0,0,0,1,1,2823,0,0,0
0,0,0,0,6344214,0,1,0,3,2,4965,0,0,1
0,0,0,0,2979901,0,1,0,2,1,2855,0,1,0
1,0,1,0,5368835,0,1,0,3,2,7176,0,0,0
0,0,0,0,4480569,1,1,0,2,1,4435,0,0,0
1,0,0,0,4506732,0,0,0,3,2,6969,0,0,0
0,0,0,0,3871445,0,0,0,2,0,6936,0,0,0
0,0,0,0,3545180,0,1,0,3,2,4530,0,0,0
0,1,0,0,4806614,0,1,0,2,0,5983,0,1,0
0,0,0,0,3153193,0,0,0,3,1,1669,0,0,0
0,1,0,0,3195451,0,1,0,3,2,4397,0,1,0
1,1,0,0,4563975,0,0,0,3,1,3780,0,0,0
0,0,0,0,4309327,0,1,0,2,2,3445,0,0,0
1,1,0,0,8751973,0,0,0,3,1,6029,0,0,0
0,0,0,0,5215238,0,1,0,2,1,4094,0,0,1
1,0,0,0,4515509,0,0,0,2,2,2567,0,0,0
0,0,0,0,3565811,0,0,0,2,1,4862,0,0,0
0,0,0,0,5783689,0,0,0,3,1,4861,0,0,0
0,0,0,0,3774741,0,1,0,2,1,4610,0,0,0
1,0,0,0,4971699,0,1,0,3,1,4493,0,0,0
1,1,0,1,5317071,0,0,0,3,0,7830,0,0,0
0,1,0,0,4323087,0,1,0,3,1,3741,1,0,0
0,0,0,0,4788950,0,1,0,3,1,4962,0,0,0
1,0,0,0,4272108,1,0,0,2,0,5706,0,0,0
1,1,0,0,7542407,0,1,0,3,1,4769,0,0,0
0,1,0,0,5146754,0,1,0,3,0,4391,0,0,0
1,0,0,0,3897450,0,1,1,2,2,2104,0,0,0
0,0,0,0,3753091,0,1,0,3,1,3151,0,0,0
0,1,0,0,5412348,0,0,0,1,1,5954,0,0,0
0,0,0,0,3619157,0,1,0,2,1,4019,0,0,0
0,0,0,0,2485755,0,1,0,2,1,3077,0,1,0
0,0,0,0,3209539,0,1,0,2,1,2427,0,0,0
0,0,0,0,3259084,0,0,0,2,1,2244,0,0,0
1,1,0,0,8336161,0,0,0,4,1,7338,1,0,1
1,1,0,0,4898845,0,0,0,3,0,6297,0,0,0
0,1,0,0,6622781,0,1,0,2,1,7998,0,0,0
1,0,0,0,4606258,0,1,0,3,2,4482,0,0,0
1,2,0,0,8305786,0,1,0,3,2,5386,0,0,0
1,0,0,0,6270353,0,1,0,3,2,6271,0,0,0
0,0,0,0,5342002,0,1,0,2,3,3934,0,0,0
0,1,0,0,11304674,0,1,0,3,2,7117,0,0,0
1,1,0,0,6968094,0,1,0,3,3,7677,0,1,0
0,0,0,0,4124271,0,0,0,1,1,4567,0,0,0
0,0,0,0,4541848,1,0,0,2,1,4095,0,0,0
0,0,0,0,3991322,0,1,0,3,2,4282,0,1,0
1,0,0,0,7978701,0,2,0,3,2,5879,0,0,0
0,0,0,0,3514213,0,0,0,2,1,4326,0,1,0
0,0,0,0,4617760,0,1,0,2,2,5456,0,0,0
0,0,0,0,5311215,0,1,0,3,2,4356,0,0,0
0,0,0,0,4665277,1,1,0,2,2,2666,0,0,0
1,0,0,0,4315793,0,1,1,3,1,3952,0,0,1
0,1,0,0,5566349,0,1,0,3,2,5947,0,0,0
0,0,0,0,5411210,0,1,0,3,1,4825,0,0,0
1,0,0,0,5004543,1,1,0,2,1,5795,0,0,0
0,1,0,0,3994695,0,1,0,2,1,4177,0,0,0
1,1,0,0,5343303,0,1,0,2,3,4047,0,0,0
0,0,0,1,5936600,0,1,0,3,2,6031,0,0,0
1,0,0,0,4658021,0,1,0,2,1,5510,0,0,0
1,0,0,0,8114827,0,1,0,2,1,6959,0,0,0
0,0,0,0,5707524,0,0,0,3,1,7006,0,0,0
1,0,0,0,3278944,0,0,0,2,1,7057,0,0,0
1,0,0,0,4070201,1,1,0,2,1,3962,0,0,0
1,1,0,0,6245829,0,1,0,2,2,4799,1,0,0
0,0,0,0,3170491,0,1,0,3,1,3774,0,0,0
0,0,0,1,6962082,0,2,0,3,2,6148,0,0,0
0,0,0,0,4353664,0,1,0,2,1,4854,0,0,0
1,0,0,0,3484841,1,1,0,2,1,2780,0,0,0
1,0,0,0,3527044,0,0,0,2,1,3068,0,0,0
1,1,0,0,3919866,0,1,0,1,0,3290,0,0,0
0,0,0,0,3458780,0,1,0,3,1,4023,0,0,0
0,0,0,0,3338142,0,1,0,2,1,3329,0,0,0
0,1,0,0,2924655,1,1,0,2,2,3352,0,0,0
0,0,0,0,4553294,1,1,0,2,1,4191,0,0,0
1,0,0,0,5406637,0,1,0,3,1,6450,0,0,0
0,0,0,0,3227653,1,1,0,2,1,3764,0,0,0
1,1,0,0,4086727,0,1,0,2,1,3618,0,0,0
0,0,0,0,1884935,1,1,0,3,1,2479,0,0,0
0,0,0,0,7184333,0,1,0,3,3,4682,0,0,0
0,2,0,0,7129031,0,0,0,2,3,6348,0,0,0
1,0,0,0,4954186,1,1,0,2,2,4732,0,0,0
1,1,0,0,4833896,0,0,0,3,1,4910,0,0,0
0,0,0,0,5250270,0,1,0,3,1,7853,0,0,0
1,0,0,0,3358724,0,1,0,2,1,3999,0,0,0
0,1,0,0,7867092,0,1,0,3,2,5767,1,0,0
0,1,0,0,4230288,0,1,0,2,1,5988,0,0,0
1,0,0,0,6845945,0,1,0,3,1,5991,0,0,0
1,0,0,0,5550853,0,1,0,3,2,5953,0,0,0
0,0,0,0,3253951,0,1,0,3,1,2344,0,0,0
1,0,1,0,4900000,0,1,0,2,0,5648,0,0,1
1,0,0,0,8302179,0,1,0,2,1,10018,0,0,0
1,1,0,0,4982442,0,1,0,2,2,7434,0,0,0
0,1,0,0,5672715,0,0,1,3,1,5834,0,0,0
0,1,0,1,6196441,0,1,0,3,2,4038,0,0,0
0,0,0,0,6145304,0,1,0,3,3,5866,0,0,0
1,0,0,0,3620843,0,0,0,2,1,3253,0,0,0
0,0,0,0,3327251,0,0,0,1,2,5059,0,0,0
1,0,0,0,3901633,0,1,0,2,0,3836,0,0,0
1,1,0,0,1926781,0,0,0,1,1,3146,0,1,0
1,1,0,0,7459567,0,2,0,3,3,7232,0,0,0
1,0,0,0,4325170,0,1,0,2,1,6884,0,0,0
0,0,0,1,5848816,0,1,0,3,2,3828,0,0,0
0,0,0,0,4595763,0,1,0,2,2,3681,0,0,0
1,0,0,0,6615378,0,2,0,3,3,8156,0,0,0
0,0,0,0,6443912,0,0,0,2,0,7679,0,0,0
0,0,0,0,4609477,0,1,0,4,1,3588,1,0,0
1,0,0,0,3979779,0,1,0,1,2,4047,0,0,0
1,0,0,0,2511074,0,1,0,3,2,3589,0,0,0
0,0,0,0,3515290,0,1,0,3,1,4799,0,1,0
1,1,0,0,2716774,0,1,0,2,1,3252,0,0,0
1,0,0,0,4684323,0,0,0,2,1,5131,0,0,0
0,0,0,0,2993314,0,1,0,3,1,2960,0,0,0
0,1,0,0,4605884,0,0,1,2,1,8847,0,0,0
0,0,0,0,7079848,0,1,0,2,2,5819,0,0,0
1,0,0,0,6508694,0,1,0,3,2,6388,0,0,0
0,0,0,0,5778978,0,1,0,3,3,3927,0,0,0
1,0,0,0,4540685,1,1,0,2,1,4097,0,0,0
1,0,0,0,3906518,0,1,0,2,1,3587,0,0,0
1,0,0,0,3619273,0,1,0,3,0,5676,0,0,0
1,0,0,0,3721473,0,1,0,3,1,4078,0,0,0
0,1,0,0,4264732,0,1,0,3,1,4813,0,0,0
1,1,0,1,6789720,0,1,0,2,1,6917,0,0,0
0,0,0,0,4215338,0,1,0,2,1,4477,0,0,0
0,0,0,0,4654869,0,1,0,2,1,3986,0,0,0
0,1,0,0,5137858,0,0,0,3,2,5103,0,0,0
0,1,0,0,4111271,0,0,0,2,1,6951,0,0,0
1,0,0,0,7274035,0,2,0,5,2,5385,1,0,0
1,1,0,0,3603232,0,1,0,2,1,4000,0,0,0
0,0,0,0,3245393,0,0,0,3,1,4413,0,0,0
0,0,0,0,4414487,1,1,0,3,1,5426,0,0,0
1,1,0,0,3453956,0,1,0,2,2,2819,0,0,0
1,0,0,0,4995296,0,1,0,2,1,4529,0,1,0
0,1,0,0,3234967,0,0,0,2,0,3797,0,0,0
0,0,0,0,3110384,0,1,0,2,1,7919,0,0,0
1,0,0,0,6815094,1,1,0,3,1,6302,0,0,0
1,0,0,0,6162308,0,1,0,5,2,4607,1,0,0
0,1,0,0,8224146,0,2,0,3,3,6355,0,0,0
0,0,0,0,4049182,0,0,0,2,1,4954,0,1,0
0,0,0,0,3991518,0,0,0,2,1,5063,0,0,0
0,0,0,0,2928929,0,1,0,1,1,4049,0,0,0
0,0,0,0,4095353,0,0,0,2,0,6052,0,0,0
1,1,0,0,6505168,1,1,0,3,3,11034,0,0,0
0,1,0,0,12076430,0,2,0,3,2,9819,0,0,0
0,0,0,0,3606348,0,0,0,2,1,4291,1,0,0
0,0,0,0,4415915,0,0,0,2,1,3525,0,0,0
0,0,0,0,3542294,0,1,0,2,1,4235,0,0,0
1,0,0,0,3285285,0,1,0,2,1,4033,0,0,0
1,0,0,0,8205401,1,1,0,2,1,7845,0,0,0
1,0,0,0,5044624,0,1,0,3,1,10677,0,0,1
0,0,0,0,3308300,0,0,0,1,0,3368,0,1,0
0,1,0,0,8195108,0,1,0,2,0,8657,0,0,0
1,0,0,0,5995865,0,1,0,2,2,6191,0,0,0
0,1,0,0,4932667,0,1,0,2,1,2848,0,0,0
0,0,0,0,4452452,0,1,0,2,1,5124,0,0,0
0,0,0,0,5696023,0,1,0,4,2,5164,0,0,0
0,0,0,0,4883828,0,0,0,2,1,4550,0,0,0
0,1,0,0,5943430,0,1,0,3,1,15090,0,0,0
0,0,0,0,4741154,0,0,0,2,1,10474,0,0,0
1,0,0,0,4778144,0,1,0,3,1,4060,0,0,0
0,0,0,0,3014559,0,0,0,2,0,3106,0,0,0
0,0,0,0,4280118,0,1,0,2,1,7329,0,0,0
0,0,0,0,5214781,0,1,0,2,1,6866,0,0,0
0,0,0,0,3690322,0,1,0,2,1,4482,0,0,0
0,0,0,0,3117586,0,0,0,2,0,4278,0,0,0
1,0,0,0,5348544,0,1,0,2,1,8702,0,0,0
1,1,0,0,5842960,0,1,0,3,2,4418,0,0,0
1,0,0,0,3214728,0,1,0,3,3,5173,0,0,0
0,1,0,0,5557730,0,1,0,3,1,5507,0,0,0
1,1,0,0,4425667,0,0,0,2,1,5627,0,0,0
0,1,1,0,6011403,0,0,1,2,1,6365,0,0,0
1,0,0,0,3147945,0,1,0,1,0,4412,0,0,0
0,0,0,0,7237626,0,2,0,2,2,5406,0,1,0
0,0,0,0,4391169,1,1,0,2,1,3882,0,0,0
0,0,0,0,3597068,0,1,0,3,2,3279,0,0,1
1,0,0,0,3428587,0,0,0,2,1,2311,0,0,0
0,2,0,0,5779987,0,1,0,2,1,5343,0,0,0
0,0,0,0,4183429,0,0,0,3,1,4322,0,0,0
1,0,0,0,4464903,0,1,0,1,1,3487,0,0,0
1,1,0,0,3655130,0,0,0,2,2,6348,0,0,0
0,1,0,0,7510551,0,1,0,3,2,7076,0,0,0
0,0,0,0,4206482,0,0,0,2,1,5030,0,1,0
0,1,0,0,8685250,0,1,1,3,1,7027,0,0,0
1,0,0,0,4385018,0,1,0,2,1,4250,0,0,0
0,0,0,0,5961311,0,1,0,2,2,6315,0,0,0
1,0,0,0,2452744,0,0,0,2,2,3209,0,1,0
1,0,0,0,4940195,0,1,0,2,1,4808,0,0,0
0,0,0,0,3414822,0,1,0,2,0,10633,0,0,0
0,0,0,0,4241758,1,1,0,3,1,4711,0,0,0
0,2,0,1,6050943,0,1,0,3,2,5351,0,0,0
1,0,0,1,4667737,0,1,0,3,1,3924,0,0,0
0,0,0,0,2275558,0,1,0,2,1,4057,0,0,0
1,0,0,0,5362708,0,1,0,2,2,5300,0,0,0
1,1,0,0,4864345,0,1,0,2,2,3945,0,0,0
0,1,0,0,4667709,0,1,0,1,1,7039,0,0,0
1,1,0,0,10794114,1,2,0,3,1,7478,0,0,0
0,1,0,0,5715573,0,1,0,2,2,7512,0,0,0
1,1,0,0,2956051,0,1,0,2,1,3286,0,0,0
0,1,0,0,5618631,0,0,0,3,2,3923,0,0,0
0,2,0,0,12105871,0,1,1,3,2,7483,0,0,0
0,0,1,0,5783587,0,0,0,4,1,4434,1,0,0
1,0,0,0,3718553,0,1,0,3,1,2441,0,0,0
0,0,0,0,4106928,0,1,0,4,2,4800,0,0,1
0,0,0,0,5109645,0,0,0,2,1,5053,0,0,0
1,0,0,0,3500000,0,1,0,2,1,5194,0,0,0
0,1,0,0,5199402,0,1,0,2,1,4851,0,0,0
0,0,0,0,3180535,0,1,0,3,1,3828,0,0,0
0,0,0,0,3901005,0,0,0,3,2,4265,0,0,0
0,2,0,0,5718518,0,0,0,2,0,7000,0,0,0
1,0,0,0,4173461,1,1,0,3,1,4240,0,0,0
0,1,0,0,3483968,0,0,0,2,0,3437,0,1,0
0,0,0,0,7611601,0,1,0,3,2,4536,1,0,0
1,1,0,0,3980970,0,1,0,1,0,7048,0,0,0
0,0,0,0,2278004,0,1,0,2,1,5259,0,0,0
0,0,0,0,5900521,0,2,0,5,1,4241,0,0,0
1,2,1,0,8246099,0,1,0,2,0,7037,0,0,1
0,2,0,1,8032410,0,1,0,3,3,8984,1,0,0
1,1,0,0,5256908,0,2,0,4,1,9314,0,0,0
0,1,0,0,3900792,0,0,0,3,2,3053,0,0,1
1,0,0,0,4153444,0,1,0,2,1,5569,0,0,0
0,0,0,0,3560192,0,0,0,2,1,2460,0,1,0
1,0,0,0,6007927,1,1,0,2,2,4791,0,0,0
0,1,0,0,9468784,0,1,0,2,3,5795,0,0,0
1,1,0,0,4334985,0,0,0,2,1,4179,0,0,0
0,0,0,0,4885603,0,1,0,3,1,8071,0,0,0
0,1,0,0,4094335,1,1,0,3,1,4036,0,0,0
0,2,0,0,4745893,1,1,0,2,1,5711,0,0,0
0,2,0,0,4058342,0,0,0,3,1,4318,0,0,0
0,0,0,0,4215759,0,0,0,3,1,5350,0,0,0
0,0,0,0,5613489,0,1,0,2,1,4406,0,0,0
0,0,0,0,2566784,0,1,0,3,1,3197,0,0,0
1,1,0,0,6586142,0,1,0,3,3,6061,0,0,0
0,1,0,0,5076509,0,1,0,2,1,9499,0,0,0
0,0,0,0,4712229,0,0,0,2,2,6375,0,0,0
0,0,0,0,5220825,0,1,0,3,2,2848,0,0,0
0,0,0,0,3431137,0,1,0,2,2,5927,0,0,1
1,0,0,0,6848565,0,1,0,2,2,5655,0,0,0
0,0,0,0,4117072,0,1,0,3,2,3684,0,0,0
1,0,0,0,2503896,0,0,0,1,1,2999,0,0,0
0,0,0,0,4474884,0,1,0,3,2,2886,0,0,0
0,1,0,0,7517460,0,1,0,3,3,6890,0,0,0
0,0,0,0,4253272,0,1,0,1,0,6241,0,0,0
0,1,0,0,4662610,1,1,0,2,1,3614,0,0,0
0,0,0,0,3146466,0,1,0,2,1,3973,0,1,0
0,0,0,0,4199999,0,1,0,3,1,3437,0,0,0
0,1,0,0,5239961,0,2,0,3,1,4815,0,0,1
0,0,0,0,6474548,0,1,0,3,2,6629,0,0,0
1,1,0,0,5449023,1,1,1,2,1,6626,0,0,0
0,0,0,1,5937898,0,1,0,3,2,6986,0,0,0
1,1,0,0,3768467,0,1,0,2,1,5267,0,0,0
0,0,1,0,5697740,0,1,0,4,3,5950,0,0,0
1,0,0,1,5405939,0,1,0,2,1,6015,0,0,0
0,1,0,1,4647699,0,1,0,3,0,4463,0,0,1
0,2,0,0,3976854,0,1,0,3,2,8898,0,1,0
0,1,0,0,8332264,0,1,0,2,3,7685,0,0,0
0,0,0,0,4074888,0,1,0,3,1,3613,0,0,0
0,0,0,0,3388901,0,0,0,2,1,4686,0,0,0
1,0,0,0,4383225,0,1,0,2,1,4231,0,0,0
0,1,0,0,5488817,0,1,0,3,1,5469,0,0,0
1,0,0,0,5276731,0,1,0,3,1,9407,0,0,0
0,0,1,1,5721202,0,1,0,3,2,5036,1,0,0
0,1,0,0,4645132,0,1,0,2,1,9670,0,0,0
0,1,0,0,2950413,0,0,0,2,1,3768,0,0,0
0,0,1,0,5766259,0,2,0,3,2,7915,0,0,0
0,1,0,1,7962500,0,0,0,2,3,5999,0,0,0
0,0,0,0,4919990,0,1,0,2,2,2854,0,0,1
0,0,0,0,2217155,0,1,0,3,1,1788,0,1,0
0,1,0,0,4710087,0,0,1,3,1,5631,0,0,0
0,0,0,0,2447886,0,1,0,1,0,3284,0,0,0
0,0,0,0,2653227,0,1,0,3,1,3987,0,1,0
1,0,0,0,9025042,0,2,0,2,2,7651,0,0,0
0,0,0,0,6351062,0,1,0,2,1,5677,0,0,0
0,0,0,0,2941379,0,0,0,2,1,4959,0,0,0
0,0,0,0,3391629,0,0,0,2,1,4071,0,0,0
0,0,0,0,3445022,1,0,0,2,1,6411,0,0,0
0,0,0,0,4900932,0,1,0,2,0,6448,0,0,0
0,0,0,0,4555204,0,1,0,4,1,7470,0,0,0
1,1,0,0,6326839,0,0,1,2,0,8492,0,0,1
1,0,0,0,3486288,0,1,0,3,1,3690,0,0,0
0,0,0,0,6297892,0,1,0,3,3,6603,0,0,0
0,0,0,0,4686110,0,0,0,2,1,3526,0,0,0
1,1,0,0,5548458,0,2,0,3,3,5658,0,0,0
0,0,0,0,3790923,0,1,0,2,1,4919,0,0,0
0,0,0,0,4069258,0,2,0,2,1,3673,0,0,0
0,0,0,0,5635880,0,1,0,3,1,3622,0,0,0
1,2,0,0,4890092,0,0,0,2,1,8105,0,0,0
0,1,0,1,6500014,0,1,0,2,3,5421,0,0,0
0,0,0,0,4193172,0,1,0,3,2,4223,0,0,0
0,0,0,0,4532199,1,1,0,2,2,4064,0,0,0
0,0,1,0,6841888,0,1,0,3,3,6250,0,0,0
0,1,0,1,9030497,0,0,0,3,1,5959,0,0,0
0,0,1,0,6031743,1,1,0,3,3,5840,0,0,0
0,1,0,0,5090982,0,2,0,3,2,4485,0,0,0
0,0,0,0,3802584,0,0,0,2,1,4873,0,0,0
1,1,0,0,7069519,0,1,0,2,3,7505,0,0,0
1,0,0,0,4143201,0,0,0,3,1,4674,0,0,0
0,0,0,0,5916954,0,1,0,3,3,5649,0,0,0
0,0,0,0,4401473,0,1,0,2,2,3112,0,1,0
0,1,0,0,5229119,0,1,0,3,1,4941,0,0,1
0,0,0,1,6867071,0,1,0,3,1,6055,1,0,0
0,1,0,0,6929979,0,1,0,2,2,7804,0,0,1
0,0,0,0,4196951,0,0,0,2,1,4472,0,0,0
0,0,0,0,5882663,0,1,0,3,2,5526,0,1,0
1,1,0,0,6499899,0,1,0,2,1,7359,0,0,0
0,0,0,0,3520566,0,0,0,2,1,3873,0,0,0
0,0,0,0,4420507,0,1,0,3,2,3916,0,0,0
0,0,0,0,3074251,0,1,0,1,1,3489,1,0,0
1,1,0,0,5971093,0,1,0,3,2,4041,0,0,0
1,1,0,0,4922409,0,1,0,3,1,6601,1,0,0
1,0,0,0,3373644,0,1,0,3,2,5470,0,0,0
0,0,0,0,4799815,0,1,0,2,1,5342,0,0,0
0,0,0,0,3509565,0,1,0,2,1,2986,0,0,0
0,0,0,0,5045661,0,1,0,2,1,5777,0,0,0
0,2,0,0,3849248,0,1,0,2,0,5115,0,0,0
1,0,0,0,4936575,0,0,0,3,1,4035,0,0,0
0,0,0,0,6512509,0,1,0,3,1,4777,0,0,0
0,0,0,0,6134054,0,1,0,2,3,4450,0,0,0
0,0,0,0,3405365,0,1,0,3,2,3481,0,0,0
1,0,0,0,6554089,0,1,0,2,3,8210,0,0,0
1,1,0,0,7886971,0,1,0,4,1,7927,0,0,0
0,0,0,0,4617019,0,1,0,2,1,6788,0,1,0
0,0,0,0,5782105,0,0,0,2,1,4510,0,0,0
1,1,0,0,6250210,0,1,0,3,3,5463,0,0,0
1,2,0,0,5202696,0,1,0,2,0,6472,0,0,0
0,0,0,0,3390499,0,1,0,3,1,6125,0,0,0
0,0,0,0,4831961,1,0,0,3,1,5180,0,0,0
0,1,0,0,4752605,0,0,0,3,2,6761,0,0,0
0,0,0,0,3831826,0,0,0,2,1,7731,0,0,0
1,0,0,0,5457938,0,1,0,3,2,4098,0,0,0
1,0,0,0,3768574,1,1,0,3,1,4904,0,0,0
0,0,0,1,3730802,0,1,0,2,1,3730,0,1,0
1,0,0,0,4396287,0,0,0,2,2,3698,0,0,0
0,1,0,0,4652246,0,1,0,4,1,3807,0,0,0
0,0,1,0,7137547,0,0,0,3,1,6458,0,0,1
0,0,0,0,2598659,0,1,0,2,0,3722,0,1,0
0,0,0,0,5140378,0,0,1,3,1,4754,0,0,0
0,0,0,0,5987192,0,2,0,2,1,6748,0,0,0
0,0,0,0,4584439,0,0,0,2,1,3635,0,0,1
0,0,0,0,2512645,0,1,0,4,2,3836,0,1,0
0,0,0,0,4734645,0,1,0,2,1,4373,0,0,0
0,0,0,0,2905527,0,1,0,2,1,3384,0,1,0
0,1,0,0,7631235,0,1,0,3,1,6251,0,0,0
0,1,0,0,3427918,0,0,0,3,1,4095,0,0,0
1,0,0,0,4063080,0,1,0,2,0,6478,0,0,0
1,0,0,0,3469984,0,0,0,2,1,2776,0,0,0
0,0,0,0,3772531,0,1,0,1,0,3584,0,0,0
0,1,0,0,3551394,0,1,0,3,1,5050,0,0,0
1,1,0,0,3835760,0,0,1,3,1,3991,0,0,0
1,1,0,0,5615302,0,1,0,2,1,6653,0,0,0
0,1,0,0,5133701,0,1,0,2,1,3159,0,0,0
0,0,0,0,2941795,0,1,0,2,1,3142,0,0,0
0,0,0,0,5416921,0,0,0,3,3,6152,0,0,0
0,1,0,1,5272864,0,1,0,2,1,5959,0,0,0
0,1,0,0,5409839,0,1,0,2,2,7341,0,0,0
1,1,0,0,5551059,0,1,0,2,1,7069,1,0,0
0,1,0,0,4528648,0,1,0,2,0,4886,0,0,0
1,0,0,0,3553863,1,1,0,2,1,3093,0,0,0
1,0,0,0,6142384,0,1,0,3,2,3985,0,0,0
1,0,0,0,6124541,0,1,0,3,3,6851,0,0,0
0,0,0,0,3270680,0,1,0,2,1,3186,0,0,0
0,1,0,0,6113017,0,1,0,3,2,5772,0,0,0
1,2,0,0,6026771,0,2,0,4,1,7718,0,0,0
1,0,0,0,3036599,0,0,0,2,1,3111,0,0,0
1,1,0,0,6061180,0,1,0,2,1,6778,0,0,0
1,1,0,0,4234043,0,1,0,3,1,3936,0,0,0
0,0,0,0,2864493,0,1,0,3,1,2999,0,0,0
0,0,0,0,3891431,0,1,0,2,2,3819,0,0,0
1,0,0,0,6177600,0,1,0,2,1,4122,0,0,1
1,0,0,0,3397481,0,1,0,3,1,2884,0,0,0
1,0,0,0,3847965,0,1,0,2,2,5480,0,1,0
0,0,0,0,5661765,1,0,0,3,3,5891,0,0,0
0,1,0,0,4287989,0,0,0,1,1,6037,0,0,0
0,1,0,0,3785475,0,0,0,3,0,7764,0,0,0
0,0,0,0,3318940,0,0,0,2,0,3991,0,0,0
0,0,0,0,3770581,0,0,0,2,1,7768,0,0,0
1,0,0,0,5482536,0,1,0,2,2,6619,0,0,0
0,1,0,0,6018406,0,1,0,3,2,4381,0,0,0
0,0,0,0,4692166,0,1,0,2,1,3583,0,0,0
0,1,0,0,8335207,0,1,0,3,2,6487,0,0,0
0,0,0,0,3716575,0,1,0,2,1,5662,0,0,0
1,1,0,0,3282343,0,1,0,1,0,3991,0,0,0
1,1,0,0,4900546,0,0,0,2,1,3656,0,0,1
1,0,0,0,4955079,1,0,0,2,1,5275,0,0,0
0,0,0,0,3442565,0,0,0,2,0,3196,0,0,0
0,0,0,0,6908130,0,1,0,2,1,8128,0,0,0
0,2,0,0,5556476,0,1,0,2,0,8101,0,0,1
1,0,0,0,3783807,0,1,0,2,1,3590,0,0,0
0,0,0,0,6225789,0,1,0,2,2,4224,0,0,0
1,1,0,1,6086103,0,1,0,2,1,7516,0,0,0
0,0,0,0,3358528,0,1,0,4,1,3379,0,1,0
0,0,0,0,4624819,0,1,0,3,2,4988,0,0,0
1,0,0,0,4156892,0,0,0,2,1,3635,0,0,0
0,0,0,0,6567824,0,1,0,3,2,5674,0,0,0
1,0,0,0,7146749,1,1,0,2,1,5923,0,0,0
0,0,0,0,3040564,0,0,0,2,1,3655,0,0,0
1,0,0,0,5080060,0,1,0,3,1,5899,0,0,1
0,0,0,0,3156947,0,1,0,2,1,2890,0,1,0
0,0,0,0,3731991,0,1,0,2,0,3434,0,0,1
0,0,0,0,7513662,0,2,0,4,2,9594,0,1,0
0,0,0,1,5928328,0,1,0,3,1,5190,0,0,0
1,0,0,1,3512738,0,1,0,2,1,3057,0,1,0
0,0,0,0,3670459,0,1,0,4,1,4601,0,0,0
0,2,0,0,7732381,0,2,0,2,3,6289,0,0,0
1,0,0,0,3973329,1,1,0,3,1,3841,0,0,0
1,0,0,0,3188524,0,1,0,2,1,6191,0,0,0
1,0,0,0,7403564,0,2,1,2,3,7419,0,0,0
0,0,0,0,5110211,0,1,0,4,2,4457,0,0,0
1,1,0,0,6129626,0,1,0,2,2,5052,0,0,0
0,1,0,0,6223642,0,1,0,3,3,3758,0,0,0
1,1,0,0,6798543,0,1,0,2,1,4528,0,0,0
1,0,0,0,6288601,0,1,0,2,2,5678,0,0,0
1,0,0,0,3581403,0,0,0,2,1,5853,0,0,0
0,1,0,0,5423990,0,0,0,2,0,7968,0,0,1
0,0,0,0,3819395,0,1,0,2,2,4631,0,0,0
1,0,0,0,4186676,1,1,0,2,1,6682,0,0,0
0,0,0,0,4136005,0,1,0,2,1,4111,0,0,0
0,1,0,0,5277767,0,1,0,2,1,6297,0,0,1
0,1,1,0,7307114,0,1,0,3,2,7604,1,0,1
0,0,0,0,5170475,0,1,0,2,2,5048,0,0,0
0,1,0,0,3211112,0,1,0,2,1,2945,0,0,0
1,0,0,0,4122577,0,0,0,2,1,5449,0,0,0
1,0,1,0,5273081,0,1,0,3,1,6763,0,0,1
0,1,0,0,4969804,0,0,0,2,1,3661,0,0,0
0,0,0,0,5388061,0,1,0,3,1,7351,0,0,0
1,0,0,0,4204309,0,1,0,2,1,4535,0,0,0
0,0,0,0,4792841,0,1,0,3,1,7113,0,0,0
0,0,0,0,4179723,0,1,0,3,1,3992,0,0,0
0,0,0,0,4282322,0,0,0,2,1,4682,0,0,0
0,0,0,0,2411245,0,0,0,2,1,2816,0,0,0
0,1,0,0,7744164,0,1,0,4,1,7364,0,0,0
0,0,0,0,4338373,0,1,0,2,1,5988,0,0,0
1,0,0,0,4551643,0,1,0,2,0,5518,0,0,0
0,0,0,0,3513162,0,1,0,5,2,3606,0,0,0
0,0,0,0,2723386,0,0,0,2,1,4017,0,1,0
0,0,0,0,4378312,0,0,0,3,1,3156,0,0,0
0,1,0,0,4334387,0,1,0,2,1,5259,0,0,0
0,2,0,0,4644798,0,1,0,2,1,6294,0,0,0
0,0,0,0,4258785,0,1,0,3,2,4003,0,0,0
0,0,0,0,2958852,0,2,0,3,1,3735,0,0,0
1,0,0,0,3044882,0,0,0,2,1,4367,0,0,0
0,0,0,0,3753392,1,1,0,2,1,3627,0,0,0
0,0,0,0,4429095,0,1,0,2,1,6305,0,0,0
0,1,0,0,6252148,0,2,0,4,2,8238,1,0,0
1,1,0,0,5355279,0,1,0,3,2,4768,0,0,0
0,0,0,0,4903639,0,1,0,2,2,5522,0,0,0
0,1,0,0,4676288,0,1,0,2,1,5033,0,0,0
1,0,0,0,5116079,0,0,0,2,2,5871,0,0,0
1,0,0,0,2396704,0,1,0,2,1,3712,0,0,0
0,0,0,0,3739291,0,0,0,2,1,6827,0,0,0
0,0,0,0,2304027,0,0,0,2,1,1974,0,0,0
1,1,0,0,6412064,0,0,0,2,3,6151,0,1,0
1,0,0,0,4303785,0,0,0,2,1,6561,0,0,0
1,0,0,0,3986972,0,1,0,3,2,3961,0,0,1
1,1,0,0,4628807,0,1,1,2,1,9688,0,0,0
0,0,0,0,4713142,0,1,0,2,1,5540,0,0,1
1,0,0,0,3358921,0,1,0,3,1,4593,1,0,0
1,2,0,0,10986858,0,1,0,3,2,6902,0,0,0
0,0,0,0,3206937,0,1,0,2,1,4531,0,1,0
0,0,0,0,3992245,0,1,0,2,1,4275,0,0,0
0,1,0,0,11378875,0,1,0,3,3,6303,0,0,0
1,1,0,0,6144180,0,0,0,2,1,4009,0,0,0
0,0,0,0,5267752,0,1,0,3,3,4689,0,0,0
0,0,0,0,5266103,0,1,0,2,1,4336,0,0,0
1,0,0,0,7029978,0,1,0,2,3,5864,0,0,0
0,1,0,0,4070189,0,0,0,3,1,8097,0,0,0
1,0,0,0,2783711,0,1,0,2,1,3708,0,0,0
0,0,0,0,7037291,0,2,0,2,1,5878,0,0,0
1,0,0,0,5348544,0,1,0,2,1,4879,0,0,0
1,0,1,0,6010277,0,1,0,3,1,6867,0,0,0
0,0,0,0,4452223,0,1,0,2,2,3579,0,1,0
0,1,0,0,3909466,0,2,0,2,1,3281,0,0,0
1,0,0,1,7678554,0,1,1,2,3,6585,0,0,1
0,0,0,0,5369147,0,1,0,2,2,5755,0,0,0
1,0,0,1,6465191,0,2,0,2,2,5810,0,0,0
0,1,0,0,4779574,1,1,0,3,1,3767,0,0,0
1,0,0,0,3341733,0,1,0,2,1,4457,0,0,0
0,1,0,0,4446657,0,0,0,2,1,3605,0,0,0
1,0,0,0,4549393,0,1,0,2,3,4993,0,0,0
0,0,0,0,3686781,0,1,1,3,1,7760,0,0,0
0,0,0,0,3262143,0,0,0,3,1,3664,0,0,0
1,2,0,0,3621212,0,1,0,3,2,8366,0,1,0
1,1,0,0,6231184,0,1,0,2,2,5427,0,0,0
0,0,0,0,6238441,0,1,0,3,2,5522,0,0,0
1,1,0,0,5109556,1,0,0,2,2,7018,0,0,0
0,0,0,0,3904521,0,0,0,2,1,2534,0,0,0
