mainroad,parking,guestroom,airconditioning,price,semi-furnished,bathrooms,prefarea,bedrooms,stories,area,furnished,unfurnished,basement,price_per_sqft,price_per_room,bath_to_bed_ratio,num_features,location_features
1,2,0,1,13300000,0,2,1,4,3,7420,1,0,0,1792.45,2216666,0.5,6,2
1,3,0,1,12250000,0,4,0,4,4,8960,1,0,0,1367.19,1531250,1.0,6,1
1,2,0,0,12250000,1,2,1,3,2,9960,0,0,1,1229.92,2450000,0.6666666666666666,6,2
1,3,0,1,12215000,0,2,1,4,2,7500,1,0,1,1628.67,2035833,0.5,8,2
1,2,1,1,11410000,0,1,0,4,2,7420,1,0,1,1537.74,2282000,0.25,7,1
1,2,0,1,10850000,1,3,1,3,1,7500,0,0,1,1446.67,1808333,1.0,7,2
1,2,0,1,10150000,1,3,1,4,4,8580,0,0,0,1182.98,1450000,0.75,6,2
1,0,0,0,10150000,0,3,0,5,2,16200,0,1,0,626.54,1268750,0.6,2,1
1,2,1,1,9870000,0,1,1,4,2,8100,1,0,1,1218.52,1974000,0.25,8,2
1,1,1,1,9800000,0,2,1,3,4,5750,0,1,0,1704.35,1960000,0.6666666666666666,6,2
1,2,0,1,9800000,0,1,1,3,2,13200,1,0,1,742.42,2450000,0.3333333333333333,7,2
1,2,1,0,9681000,1,3,0,4,2,6000,0,0,1,1613.5,1383000,0.75,6,1
1,1,0,1,9310000,1,2,1,4,2,6550,0,0,0,1421.37,1551666,0.5,5,2
1,2,0,0,9240000,0,2,0,4,2,3500,1,0,0,2640.0,1540000,0.5,4,1
1,0,0,0,9240000,1,2,1,3,2,7800,0,0,0,1184.62,1848000,0.6666666666666666,3,2
1,2,0,0,9100000,1,1,0,4,2,6000,0,0,1,1516.67,1820000,0.25,5,1
1,1,1,1,9100000,0,2,1,4,2,6600,0,1,1,1378.79,1516666,0.5,7,2
1,2,0,1,8960000,0,2,0,3,4,8500,1,0,0,1054.12,1792000,0.6666666666666666,5,1
1,2,1,1,8890000,0,2,0,3,2,4600,1,0,0,1932.61,1778000,0.6666666666666666,6,1
1,1,0,1,8855000,1,2,1,3,2,6420,0,0,0,1379.28,1771000,0.6666666666666666,5,2
1,2,0,0,8750000,1,1,0,3,2,4320,0,0,1,2025.46,2187500,0.3333333333333333,5,1
1,2,1,1,8680000,0,2,0,3,1,7155,0,1,1,1213.14,1736000,0.6666666666666666,7,1
1,1,1,1,8645000,0,1,0,3,1,8050,1,0,1,1073.91,2161250,0.3333333333333333,6,1
1,1,1,1,8645000,0,2,0,3,2,4560,1,0,1,1895.83,1729000,0.6666666666666666,6,1
1,2,0,1,8575000,0,2,0,3,2,8800,1,0,0,974.43,1715000,0.6666666666666666,5,1
1,2,1,1,8540000,0,2,1,4,2,6540,1,0,1,1305.81,1423333,0.5,8,2
1,0,1,1,8463000,1,2,1,3,4,6000,0,0,1,1410.5,1692600,0.6666666666666666,6,2
1,1,0,0,8400000,1,1,0,3,1,8875,0,0,0,946.48,2100000,0.3333333333333333,3,1
1,2,0,0,8400000,0,2,0,5,2,7950,0,1,1,1056.6,1200000,0.4,5,1
1,1,0,1,8400000,1,2,1,4,2,5500,0,0,1,1527.27,1400000,0.5,6,2
1,2,0,1,8400000,0,2,0,3,4,7475,0,1,0,1123.75,1680000,0.6666666666666666,5,1
1,2,0,1,8400000,1,1,0,3,4,7000,0,0,0,1200.0,2100000,0.3333333333333333,5,1
1,1,0,1,8295000,0,2,1,4,2,4880,1,0,0,1699.8,1382500,0.5,5,2
1,1,1,0,8190000,0,3,0,3,2,5960,0,1,1,1374.16,1365000,1.0,5,1
1,1,1,1,8120000,0,1,0,5,2,6840,1,0,1,1187.13,1353333,0.2,6,1
1,2,0,1,8080940,0,2,0,3,4,7000,1,0,0,1154.42,1616188,0.6666666666666666,5,1
1,1,0,0,8043000,0,2,1,3,3,7482,1,0,0,1074.98,1608600,0.6666666666666666,4,2
1,2,0,1,7980000,0,2,0,4,4,9000,1,0,0,886.67,1330000,0.5,5,1
1,2,1,1,7962500,0,1,0,3,4,6000,0,1,0,1327.08,1990625,0.3333333333333333,6,1
1,1,0,1,7910000,1,2,0,4,4,6000,0,0,0,1318.33,1318333,0.5,4,1
1,0,0,1,7875000,0,1,1,3,2,6550,1,0,1,1202.29,1968750,0.3333333333333333,5,2
1,0,0,1,7840000,0,2,1,3,4,6360,1,0,0,1232.7,1568000,0.6666666666666666,4,2
1,2,0,1,7700000,0,2,0,3,4,6480,0,1,0,1188.27,1540000,0.6666666666666666,5,1
1,2,0,0,7700000,1,2,0,4,4,6000,0,0,0,1283.33,1283333,0.5,4,1
1,1,0,1,7560000,0,2,0,4,4,6000,1,0,0,1260.0,1260000,0.5,4,1
1,0,0,1,7560000,1,2,0,3,3,6000,0,0,0,1260.0,1512000,0.6666666666666666,3,1
1,1,0,1,7525000,0,2,0,3,4,6000,1,0,0,1254.17,1505000,0.6666666666666666,4,1
1,3,0,1,7490000,0,1,1,3,4,6600,1,0,0,1134.85,1872500,0.3333333333333333,7,2
1,1,0,0,7455000,0,2,0,3,2,4300,0,1,1,1733.72,1491000,0.6666666666666666,4,1
1,0,1,1,7420000,1,2,1,3,1,7440,0,0,1,997.31,1484000,0.6666666666666666,6,2
1,1,0,0,7420000,0,2,1,3,4,7440,0,1,0,997.31,1484000,0.6666666666666666,4,2
1,1,0,1,7420000,0,1,0,3,4,6325,0,1,0,1173.12,1855000,0.3333333333333333,4,1
1,1,1,1,7350000,0,2,0,4,4,6000,1,0,0,1225.0,1225000,0.5,5,1
1,2,0,1,7350000,1,2,0,3,4,5150,0,0,0,1427.18,1470000,0.6666666666666666,5,1
1,1,1,1,7350000,1,2,0,3,2,6000,0,0,0,1225.0,1470000,0.6666666666666666,5,1
1,1,0,1,7350000,0,1,0,3,2,6000,0,1,0,1225.0,1837500,0.3333333333333333,4,1
1,1,0,0,7343000,1,1,1,4,2,11440,0,0,1,641.87,1468600,0.25,5,2
1,1,1,1,7245000,0,2,1,4,4,9000,1,0,0,805.0,1207500,0.5,6,2
1,1,1,1,7210000,1,2,0,4,4,7680,0,0,0,938.8,1201666,0.5,5,1
1,1,1,1,7210000,0,2,0,3,4,6000,1,0,0,1201.67,1442000,0.6666666666666666,5,1
1,1,1,0,7140000,1,2,0,3,2,6000,0,0,0,1190.0,1428000,0.6666666666666666,4,1
1,1,0,1,7070000,1,1,0,2,1,8880,0,0,0,796.17,2356666,0.5,4,1
1,1,0,1,7070000,0,2,0,4,2,6240,1,0,0,1133.01,1178333,0.5,4,1
1,2,0,1,7035000,0,2,1,4,3,6360,1,0,0,1106.13,1172500,0.5,6,2
1,1,0,1,7000000,0,1,1,3,1,11175,1,0,1,626.4,1750000,0.3333333333333333,6,2
1,1,0,1,6930000,0,2,0,3,2,8880,1,0,1,780.41,1386000,0.6666666666666666,5,1
1,1,0,0,6930000,0,1,0,2,1,13200,1,0,1,525.0,2310000,0.5,4,1
1,2,0,0,6895000,0,2,0,3,1,7700,0,1,0,895.45,1379000,0.6666666666666666,4,1
1,1,0,1,6860000,0,1,0,3,1,6000,1,0,0,1143.33,1715000,0.3333333333333333,4,1
1,2,0,0,6790000,0,2,1,4,2,12090,1,0,0,561.62,1131666,0.5,5,2
1,0,0,1,6790000,1,2,1,3,2,4000,0,0,1,1697.5,1358000,0.6666666666666666,5,2
1,0,0,1,6755000,0,2,0,4,4,6000,0,1,0,1125.83,1125833,0.5,3,1
1,0,0,1,6720000,0,1,1,3,4,5020,0,1,0,1338.65,1680000,0.3333333333333333,4,2
1,0,0,0,6685000,0,2,1,2,4,6600,1,0,1,1012.88,1671250,1.0,4,2
1,1,0,0,6650000,0,1,0,3,2,4040,1,0,1,1646.04,1662500,0.3333333333333333,4,1
1,0,0,0,6650000,1,2,0,4,2,4260,0,0,0,1561.03,1108333,0.5,2,1
1,0,0,1,6650000,0,2,1,3,3,6420,1,0,0,1035.83,1330000,0.6666666666666666,4,2
1,0,0,1,6650000,0,2,1,3,3,6500,1,0,0,1023.08,1330000,0.6666666666666666,4,2
1,2,1,1,6650000,0,1,1,3,1,5700,1,0,1,1166.67,1662500,0.3333333333333333,8,2
1,0,1,1,6650000,0,2,0,3,3,6000,1,0,0,1108.33,1330000,0.6666666666666666,4,1
1,1,0,0,6629000,1,1,1,3,2,6000,0,0,0,1104.83,1657250,0.3333333333333333,4,2
1,1,0,1,6615000,1,2,0,3,2,4000,0,0,1,1653.75,1323000,0.6666666666666666,5,1
1,1,0,1,6615000,0,2,1,3,1,10500,1,0,1,630.0,1323000,0.6666666666666666,6,2
1,0,0,1,6580000,1,2,0,3,4,6000,0,0,0,1096.67,1316000,0.6666666666666666,3,1
1,2,0,0,6510000,1,1,0,3,2,3760,0,0,0,1731.38,1627500,0.3333333333333333,4,1
1,0,0,1,6510000,0,2,0,3,3,8250,1,0,0,789.09,1302000,0.6666666666666666,3,1
1,0,0,0,6510000,0,1,1,3,3,6670,0,1,1,976.01,1627500,0.3333333333333333,4,2
1,2,0,0,6475000,1,1,0,3,1,3960,0,0,1,1635.1,1618750,0.3333333333333333,5,1
1,2,1,1,6475000,0,1,1,3,1,7410,0,1,1,873.82,1618750,0.3333333333333333,8,2
1,2,0,0,6440000,0,3,0,5,2,8580,1,0,0,750.58,805000,0.6,4,1
1,0,0,1,6440000,1,1,0,3,2,5000,0,0,0,1288.0,1610000,0.3333333333333333,3,1
1,2,1,0,6419000,0,1,1,2,1,6750,1,0,1,950.96,2139666,0.5,7,2
1,0,1,1,6405000,0,2,0,3,4,4800,1,0,0,1334.38,1281000,0.6666666666666666,4,1
1,3,0,1,6300000,1,2,0,3,1,7200,0,0,1,875.0,1260000,0.6666666666666666,7,1
1,1,0,0,6300000,1,2,0,4,4,6000,0,0,0,1050.0,1050000,0.5,3,1
1,2,0,1,6300000,1,2,0,3,3,4100,0,0,0,1536.59,1260000,0.6666666666666666,5,1
1,1,0,0,6300000,0,1,1,3,1,9000,1,0,1,700.0,1575000,0.3333333333333333,5,2
1,1,1,1,6300000,1,1,1,3,1,6400,0,0,1,984.38,1575000,0.3333333333333333,7,2
1,0,0,1,6293000,0,2,1,3,3,6600,0,1,0,953.48,1258600,0.6666666666666666,4,2
1,0,1,0,6265000,0,1,1,4,3,6000,0,1,1,1044.17,1253000,0.25,5,2
1,0,0,1,6230000,0,2,1,3,1,6600,0,1,1,943.94,1246000,0.6666666666666666,5,2
1,1,0,0,6230000,0,1,1,3,3,5500,0,1,0,1132.73,1557500,0.3333333333333333,4,2
1,1,1,1,6195000,1,2,0,3,4,5500,0,0,0,1126.36,1239000,0.6666666666666666,5,1
1,0,1,1,6195000,0,2,0,3,3,6350,1,0,0,975.59,1239000,0.6666666666666666,4,1
1,2,1,0,6195000,0,2,1,3,1,5500,1,0,1,1126.36,1239000,0.6666666666666666,7,2
1,0,0,1,6160000,0,1,0,3,4,4500,0,1,0,1368.89,1540000,0.3333333333333333,3,1
1,0,0,1,6160000,1,2,1,4,1,5450,0,0,1,1130.28,1026666,0.5,5,2
1,0,0,0,6125000,0,1,1,3,3,6420,0,1,1,954.05,1531250,0.3333333333333333,4,2
1,1,0,0,6107500,1,1,0,4,3,3240,0,0,0,1885.03,1221500,0.25,3,1
1,1,1,0,6090000,1,2,0,4,2,6615,0,0,0,920.63,1015000,0.5,4,1
1,2,1,0,6090000,1,1,1,3,1,6600,0,0,1,922.73,1522500,0.3333333333333333,7,2
1,2,0,1,6090000,0,1,0,3,3,8372,0,1,0,727.42,1522500,0.3333333333333333,5,1
1,0,0,0,6083000,0,2,0,6,2,4300,1,0,0,1414.65,760375,0.3333333333333333,2,1
1,2,0,0,6083000,0,1,1,3,1,9620,1,0,1,632.33,1520750,0.3333333333333333,6,2
1,2,1,0,6020000,0,1,0,2,1,6800,1,0,1,885.29,2006666,0.5,6,1
1,2,1,1,6020000,1,1,1,3,1,8000,0,0,1,752.5,1505000,0.3333333333333333,8,2
1,0,1,0,6020000,0,2,1,3,1,6900,0,1,1,872.46,1204000,0.6666666666666666,5,2
1,0,1,1,5950000,0,1,0,4,2,3700,1,0,0,1608.11,1190000,0.25,4,1
1,0,0,1,5950000,0,1,1,3,1,6420,1,0,1,926.79,1487500,0.3333333333333333,5,2
1,2,0,1,5950000,1,1,1,3,1,7020,0,0,1,847.58,1487500,0.3333333333333333,7,2
1,2,1,0,5950000,0,1,1,3,1,6540,1,0,1,909.79,1487500,0.3333333333333333,7,2
1,0,1,1,5950000,1,1,1,3,2,7231,0,0,1,822.85,1487500,0.3333333333333333,6,2
1,1,0,0,5950000,1,2,1,4,1,6254,0,0,1,951.39,991666,0.5,5,2
1,0,0,0,5950000,0,2,0,4,2,7320,1,0,0,812.84,991666,0.5,2,1
1,1,0,0,5950000,0,2,0,3,4,6525,1,0,0,911.88,1190000,0.6666666666666666,3,1
1,2,0,1,5943000,1,1,0,3,1,15600,0,0,0,380.96,1485750,0.3333333333333333,5,1
1,2,0,0,5880000,0,1,1,3,1,7160,0,1,1,821.23,1470000,0.3333333333333333,6,2
1,0,0,1,5880000,0,2,0,3,3,6500,0,1,0,904.62,1176000,0.6666666666666666,3,1
1,1,1,1,5873000,0,1,0,3,3,5500,1,0,0,1067.82,1468250,0.3333333333333333,5,1
1,2,0,0,5873000,1,1,1,3,3,11460,0,0,0,512.48,1468250,0.3333333333333333,5,2
1,0,1,0,5866000,0,1,0,3,1,4800,0,1,1,1222.08,1466500,0.3333333333333333,4,1
1,0,1,0,5810000,1,1,0,4,4,5828,0,0,0,996.91,1162000,0.25,3,1
1,0,0,1,5810000,1,1,0,3,3,5200,0,0,0,1117.31,1452500,0.3333333333333333,3,1
1,0,0,1,5810000,0,1,0,3,3,4800,0,1,0,1210.42,1452500,0.3333333333333333,3,1
1,2,0,0,5803000,1,1,1,3,1,7000,0,0,1,829.0,1450750,0.3333333333333333,6,2
1,0,0,1,5775000,0,2,0,3,4,6000,0,1,0,962.5,1155000,0.6666666666666666,3,1
1,2,0,1,5740000,0,2,0,4,2,5400,0,1,0,1062.96,956666,0.5,5,1
1,1,0,0,5740000,1,1,0,4,2,4640,0,0,0,1237.07,1148000,0.25,3,1
1,0,0,1,5740000,1,1,0,3,3,5000,0,0,0,1148.0,1435000,0.3333333333333333,3,1
1,2,1,1,5740000,0,1,1,3,1,6360,1,0,1,902.52,1435000,0.3333333333333333,8,2
1,0,0,1,5740000,0,2,0,3,4,5800,0,1,0,989.66,1148000,0.6666666666666666,3,1
1,1,1,0,5652500,1,2,1,4,2,6660,0,0,1,848.72,942083,0.5,6,2
1,1,0,0,5600000,1,2,0,4,2,10500,0,0,0,533.33,933333,0.5,3,1
0,0,0,0,5600000,0,2,0,5,3,4800,0,1,1,1166.67,800000,0.4,2,0
1,1,1,1,5600000,0,1,0,4,2,4700,1,0,1,1191.49,1120000,0.25,6,1
1,0,0,0,5600000,0,1,0,3,4,5000,1,0,0,1120.0,1400000,0.3333333333333333,2,1
1,1,0,0,5600000,1,1,0,2,1,10500,0,0,0,533.33,1866666,0.5,3,1
1,1,0,0,5600000,1,2,0,3,2,5500,0,0,0,1018.18,1120000,0.6666666666666666,3,1
1,0,0,0,5600000,1,1,1,3,3,6360,0,0,0,880.5,1400000,0.3333333333333333,3,2
1,0,0,0,5600000,1,2,1,4,1,6600,0,0,1,848.48,933333,0.5,4,2
1,0,1,1,5600000,0,1,1,3,2,5136,0,1,1,1090.34,1400000,0.3333333333333333,6,2
1,2,0,1,5565000,1,1,1,4,2,4400,0,0,0,1264.77,1113000,0.25,6,2
1,0,1,1,5565000,0,1,1,5,2,5400,1,0,1,1030.56,927500,0.2,6,2
1,0,0,0,5530000,1,3,0,3,2,3300,0,0,1,1675.76,921666,1.0,3,1
1,2,0,0,5530000,1,2,0,3,2,3650,0,0,0,1515.07,1106000,0.6666666666666666,4,1
1,2,0,0,5530000,0,2,1,3,1,6100,1,0,1,906.56,1106000,0.6666666666666666,6,2
1,0,1,0,5523000,1,1,1,3,1,6900,0,0,1,800.43,1380750,0.3333333333333333,5,2
0,1,1,0,5495000,0,2,0,4,2,2817,1,0,1,1950.66,915833,0.5,4,0
1,2,0,0,5495000,1,1,0,3,1,7980,0,0,0,688.6,1373750,0.3333333333333333,4,1
1,0,1,1,5460000,0,2,0,3,1,3150,1,0,1,1733.33,1092000,0.6666666666666666,5,1
1,0,1,1,5460000,0,1,0,4,4,6210,1,0,0,879.23,1092000,0.25,4,1
1,0,1,1,5460000,1,1,1,3,3,6100,0,0,0,895.08,1365000,0.3333333333333333,5,2
1,0,1,0,5460000,1,2,1,4,2,6600,0,0,1,827.27,910000,0.5,5,2
1,0,1,1,5425000,1,1,1,3,1,6825,0,0,1,794.87,1356250,0.3333333333333333,6,2
1,1,1,0,5390000,0,2,1,3,2,6710,1,0,1,803.28,1078000,0.6666666666666666,6,2
1,0,1,0,5383000,0,2,0,3,1,6450,0,1,1,834.57,1076600,0.6666666666666666,4,1
1,2,0,1,5320000,0,1,1,3,1,7800,0,1,1,682.05,1330000,0.3333333333333333,7,2
1,2,0,1,5285000,1,2,0,2,1,4600,0,0,0,1148.91,1321250,1.0,5,1
1,0,0,1,5250000,0,1,0,4,2,4260,1,0,1,1232.39,1050000,0.25,4,1
0,0,0,1,5250000,1,2,0,4,2,6540,0,0,0,802.75,875000,0.5,2,0
1,0,0,0,5250000,1,2,0,3,1,5500,0,0,1,954.55,1050000,0.6666666666666666,3,1
1,1,0,0,5250000,1,1,1,3,1,10269,0,0,0,511.25,1312500,0.3333333333333333,4,2
1,2,1,1,5250000,0,1,1,3,2,8400,0,1,1,625.0,1312500,0.3333333333333333,8,2
1,0,0,1,5250000,0,2,1,4,1,5300,0,1,0,990.57,875000,0.5,4,2
1,1,1,0,5250000,0,1,1,3,2,3800,0,1,1,1381.58,1312500,0.3333333333333333,6,2
1,2,1,0,5250000,1,2,0,4,2,9800,0,0,0,535.71,875000,0.5,5,1
1,2,0,1,5250000,0,1,0,3,1,8520,1,0,0,616.2,1312500,0.3333333333333333,5,1
1,0,0,0,5243000,1,1,1,3,1,6050,0,0,1,866.61,1310750,0.3333333333333333,4,2
1,2,1,0,5229000,1,1,1,3,1,7085,0,0,1,738.04,1307250,0.3333333333333333,7,2
1,2,0,0,5215000,1,2,0,3,2,3180,0,0,0,1639.94,1043000,0.6666666666666666,4,1
0,2,0,1,5215000,1,2,0,4,1,4500,0,0,1,1158.89,869166,0.5,5,0
1,1,1,0,5215000,0,1,1,3,2,7200,1,0,1,724.31,1303750,0.3333333333333333,6,2
0,0,0,1,5145000,1,1,0,3,2,3410,0,0,0,1508.8,1286250,0.3333333333333333,2,0
1,1,0,0,5145000,1,1,1,3,1,7980,0,0,0,644.74,1286250,0.3333333333333333,4,2
1,0,1,0,5110000,0,2,0,3,2,3000,1,0,1,1703.33,1022000,0.6666666666666666,4,1
1,0,0,0,5110000,0,1,0,3,2,3000,0,1,1,1703.33,1277500,0.3333333333333333,3,1
1,0,0,0,5110000,0,1,1,2,2,11410,1,0,0,447.85,1703333,0.5,3,2
1,0,0,1,5110000,1,1,1,3,1,6100,0,0,1,837.7,1277500,0.3333333333333333,5,2
1,0,0,1,5075000,0,1,1,2,2,5720,0,1,0,887.24,1691666,0.5,4,2
0,0,1,0,5040000,1,1,0,2,1,3540,0,0,1,1423.73,1680000,0.5,3,0
1,2,0,1,5040000,0,1,0,4,2,7600,1,0,0,663.16,1008000,0.25,5,1
1,0,1,0,5040000,1,1,0,3,2,10700,0,0,1,471.03,1260000,0.3333333333333333,4,1
1,0,1,0,5040000,0,1,1,3,1,6600,1,0,1,763.64,1260000,0.3333333333333333,5,2
1,0,1,0,5033000,1,1,0,2,1,4800,0,0,1,1048.54,1677666,0.5,4,1
1,0,1,0,5005000,1,2,0,3,1,8150,0,0,1,614.11,1001000,0.6666666666666666,4,1
1,2,0,0,4970000,1,3,0,4,2,4410,0,0,1,1126.98,710000,0.75,5,1
1,0,1,0,4970000,1,1,0,3,1,7686,0,0,1,646.63,1242500,0.3333333333333333,4,1
0,1,0,1,4956000,1,2,0,3,2,2800,0,0,1,1770.0,991200,0.6666666666666666,4,0
1,0,0,1,4935000,1,1,0,3,2,5948,0,0,0,829.69,1233750,0.3333333333333333,3,1
1,1,0,0,4907000,0,1,0,3,2,4200,1,0,0,1168.33,1226750,0.3333333333333333,3,1
1,0,0,1,4900000,1,1,0,3,2,4520,0,0,1,1084.07,1225000,0.3333333333333333,4,1
0,0,1,1,4900000,1,1,0,3,2,4095,0,0,1,1196.58,1225000,0.3333333333333333,4,0
1,1,0,0,4900000,1,1,0,2,1,4120,0,0,1,1189.32,1633333,0.5,4,1
1,0,0,0,4900000,1,1,0,4,2,5400,0,0,0,907.41,980000,0.25,2,1
1,0,1,0,4900000,1,1,0,3,1,4770,0,0,1,1027.25,1225000,0.3333333333333333,4,1
1,2,0,1,4900000,1,1,0,3,1,6300,0,0,0,777.78,1225000,0.3333333333333333,5,1
1,0,1,1,4900000,1,1,0,2,1,5800,0,0,1,844.83,1633333,0.5,5,1
1,0,0,1,4900000,1,1,0,3,2,3000,0,0,1,1633.33,1225000,0.3333333333333333,4,1
1,0,0,0,4900000,1,1,0,3,3,2970,0,0,0,1649.83,1225000,0.3333333333333333,2,1
1,0,0,0,4900000,0,1,0,3,1,6720,0,1,0,729.17,1225000,0.3333333333333333,2,1
1,2,1,0,4900000,1,1,0,3,2,4646,0,0,1,1054.67,1225000,0.3333333333333333,6,1
1,2,0,0,4900000,0,1,0,3,1,12900,1,0,0,379.84,1225000,0.3333333333333333,4,1
1,2,0,1,4893000,1,2,0,4,2,3420,0,0,1,1430.7,815500,0.5,6,1
1,0,0,0,4893000,1,2,0,4,1,4995,0,0,1,979.58,815500,0.5,3,1
1,0,0,0,4865000,0,1,0,2,1,4350,0,1,1,1118.39,1621666,0.5,3,1
1,0,0,0,4830000,0,1,0,3,3,4160,0,1,0,1161.06,1207500,0.3333333333333333,2,1
1,2,0,0,4830000,1,1,1,3,1,6040,0,0,0,799.67,1207500,0.3333333333333333,5,2
1,2,0,1,4830000,0,1,1,3,2,6862,1,0,0,703.88,1207500,0.3333333333333333,6,2
1,0,0,1,4830000,1,1,1,2,1,4815,0,0,0,1003.12,1610000,0.5,4,2
1,0,0,0,4795000,0,1,0,3,2,7000,0,1,1,685.0,1198750,0.3333333333333333,3,1
1,2,0,1,4795000,1,1,0,4,4,8100,0,0,1,591.98,959000,0.25,6,1
1,0,0,0,4767000,1,2,0,4,2,3420,0,0,0,1393.86,794500,0.5,2,1
1,2,0,1,4760000,1,1,0,2,1,9166,0,0,1,519.31,1586666,0.5,6,1
1,1,0,1,4760000,0,1,0,3,2,6321,1,0,1,753.05,1190000,0.3333333333333333,5,1
1,2,0,1,4760000,0,1,1,2,1,10240,0,1,0,464.84,1586666,0.5,6,2
1,3,0,1,4753000,1,1,0,2,1,6440,0,0,0,738.04,1584333,0.5,6,1
1,0,0,1,4690000,1,1,0,3,4,5170,0,0,0,907.16,1172500,0.3333333333333333,3,1
1,1,0,1,4690000,0,1,0,2,1,6000,1,0,1,781.67,1563333,0.5,5,1
1,2,0,0,4690000,1,1,0,3,2,3630,0,0,0,1292.01,1172500,0.3333333333333333,4,1
1,1,1,0,4690000,1,2,0,4,2,9667,0,0,1,485.16,781666,0.5,5,1
1,0,0,0,4690000,1,1,1,2,2,5400,0,0,0,868.52,1563333,0.5,3,2
1,0,0,0,4690000,1,1,1,3,1,4320,0,0,0,1085.65,1172500,0.3333333333333333,3,2
1,0,0,0,4655000,0,1,0,3,2,3745,1,0,1,1242.99,1163750,0.3333333333333333,3,1
1,0,1,1,4620000,0,1,0,3,1,4160,0,1,1,1110.58,1155000,0.3333333333333333,5,1
1,2,0,0,4620000,1,2,0,3,2,3880,0,0,1,1190.72,924000,0.6666666666666666,5,1
1,1,1,1,4620000,1,1,0,3,2,5680,0,0,0,813.38,1155000,0.3333333333333333,5,1
1,0,1,0,4620000,1,1,1,2,2,2870,0,0,1,1609.76,1540000,0.5,5,2
1,0,0,0,4620000,1,1,0,3,2,5010,0,0,1,922.16,1155000,0.3333333333333333,3,1
1,0,0,0,4613000,1,2,0,4,2,4510,0,0,1,1022.84,768833,0.5,3,1
1,1,0,0,4585000,0,1,0,3,2,4000,1,0,0,1146.25,1146250,0.3333333333333333,3,1
1,1,0,0,4585000,1,1,1,3,2,3840,0,0,0,1194.01,1146250,0.3333333333333333,4,2
1,2,0,0,4550000,1,1,0,3,1,3760,0,0,0,1210.11,1137500,0.3333333333333333,4,1
1,0,0,1,4550000,0,1,0,3,2,3640,1,0,0,1250.0,1137500,0.3333333333333333,3,1
1,0,0,0,4550000,0,1,0,3,2,2550,1,0,1,1784.31,1137500,0.3333333333333333,3,1
1,0,1,0,4550000,1,1,1,3,2,5320,0,0,1,855.26,1137500,0.3333333333333333,5,2
1,2,0,0,4550000,0,1,1,3,2,5360,0,1,0,848.88,1137500,0.3333333333333333,5,2
1,0,0,0,4550000,1,1,1,3,1,3520,0,0,0,1292.61,1137500,0.3333333333333333,3,2
1,3,0,0,4550000,0,1,0,4,4,8400,0,1,0,541.67,910000,0.25,5,1
1,0,1,0,4543000,1,2,0,2,1,4100,0,0,1,1108.05,1135750,1.0,4,1
1,0,1,0,4543000,0,2,1,4,2,4990,1,0,1,910.42,757166,0.5,5,2
1,0,0,0,4515000,1,1,0,3,3,3510,0,0,0,1286.32,1128750,0.3333333333333333,2,1
1,1,0,0,4515000,1,1,0,3,2,3450,0,0,1,1308.7,1128750,0.3333333333333333,4,1
1,0,0,0,4515000,1,1,0,3,1,9860,0,0,0,457.91,1128750,0.3333333333333333,2,1
1,0,0,0,4515000,0,1,1,2,2,3520,1,0,0,1282.67,1505000,0.5,3,2
1,2,0,1,4480000,1,1,0,4,2,4510,0,0,0,993.35,896000,0.25,5,1
1,1,0,1,4480000,0,1,0,2,1,5885,0,1,0,761.26,1493333,0.5,4,1
1,2,0,0,4480000,0,1,0,3,2,4000,1,0,0,1120.0,1120000,0.3333333333333333,4,1
1,0,0,0,4480000,0,1,0,3,1,8250,1,0,0,543.03,1120000,0.3333333333333333,2,1
1,1,0,0,4480000,1,1,0,3,2,4040,0,0,0,1108.91,1120000,0.3333333333333333,3,1
1,1,0,1,4473000,0,1,0,2,1,6360,1,0,1,703.3,1491000,0.5,5,1
1,1,0,1,4473000,0,1,0,3,2,3162,1,0,0,1414.61,1118250,0.3333333333333333,4,1
1,0,0,0,4473000,1,1,0,3,2,3510,0,0,0,1274.36,1118250,0.3333333333333333,2,1
1,0,1,0,4445000,1,1,0,2,1,3750,0,0,1,1185.33,1481666,0.5,4,1
0,0,0,0,4410000,1,1,0,3,2,3968,0,0,0,1111.39,1102500,0.3333333333333333,1,0
1,0,0,0,4410000,1,1,0,2,2,4900,0,0,1,900.0,1470000,0.5,3,1
1,0,0,0,4403000,1,1,1,3,2,2880,0,0,0,1528.82,1100750,0.3333333333333333,3,2
1,2,0,0,4403000,0,1,1,3,1,4880,0,1,0,902.25,1100750,0.3333333333333333,5,2
1,1,0,0,4403000,1,1,0,3,2,4920,0,0,0,894.92,1100750,0.3333333333333333,3,1
1,0,0,1,4382000,1,1,0,4,2,4950,0,0,0,885.25,876400,0.25,3,1
1,0,0,0,4375000,0,1,0,3,2,3900,0,1,0,1121.79,1093750,0.3333333333333333,2,1
1,1,0,0,4340000,0,2,0,3,3,4500,1,0,0,964.44,868000,0.6666666666666666,3,1
0,0,0,0,4340000,1,1,0,5,2,1905,0,0,1,2278.22,723333,0.2,2,0
1,2,1,0,4340000,1,1,0,3,1,4075,0,0,1,1065.03,1085000,0.3333333333333333,6,1
1,2,0,0,4340000,0,1,0,4,2,3500,1,0,0,1240.0,868000,0.25,4,1
1,0,0,0,4340000,1,1,0,4,2,6450,0,0,0,672.87,868000,0.25,2,1
1,0,0,0,4319000,0,1,0,2,1,4032,1,0,1,1071.18,1439666,0.5,3,1
1,1,0,0,4305000,1,1,0,2,1,4400,0,0,0,978.41,1435000,0.5,3,1
1,1,0,0,4305000,1,1,1,2,1,10360,0,0,0,415.54,1435000,0.5,4,2
1,2,0,0,4277000,1,1,1,3,2,3400,0,0,1,1257.94,1069250,0.3333333333333333,6,2
1,0,0,0,4270000,0,1,0,2,1,6360,1,0,0,671.38,1423333,0.5,2,1
1,0,0,0,4270000,0,1,0,2,2,6360,0,1,0,671.38,1423333,0.5,2,1
1,2,0,1,4270000,0,1,0,2,1,4500,1,0,0,948.89,1423333,0.5,5,1
0,0,1,1,4270000,0,1,0,3,2,2175,0,1,1,1963.22,1067500,0.3333333333333333,4,0
1,0,0,0,4270000,0,1,0,4,2,4360,1,0,0,979.36,854000,0.25,2,1
1,1,0,0,4270000,0,1,0,2,1,7770,1,0,0,549.55,1423333,0.5,3,1
1,0,1,0,4235000,1,1,0,3,2,6650,0,0,0,636.84,1058750,0.3333333333333333,3,1
1,0,0,0,4235000,0,1,1,3,1,2787,1,0,1,1519.56,1058750,0.3333333333333333,4,2
1,0,0,1,4200000,0,1,0,3,2,5500,0,1,0,763.64,1050000,0.3333333333333333,3,1
1,0,0,1,4200000,0,1,0,3,2,5040,0,1,1,833.33,1050000,0.3333333333333333,4,1
1,2,1,0,4200000,1,1,0,2,1,5850,0,0,1,717.95,1400000,0.5,6,1
0,0,0,0,4200000,1,3,0,4,2,2610,0,0,0,1609.2,600000,0.75,1,0
1,0,0,1,4200000,0,1,0,3,2,2953,0,1,1,1422.28,1050000,0.3333333333333333,4,1
0,0,0,0,4200000,1,2,0,4,2,2747,0,0,0,1528.94,700000,0.5,1,0
0,1,0,0,4200000,0,1,0,2,1,4410,0,1,0,952.38,1400000,0.5,2,0
0,0,0,0,4200000,1,2,0,4,2,4000,0,0,0,1050.0,700000,0.5,1,0
0,0,0,0,4200000,1,1,0,3,2,2325,0,0,0,1806.45,1050000,0.3333333333333333,1,0
1,1,0,1,4200000,1,2,0,3,2,4600,0,0,0,913.04,840000,0.6666666666666666,4,1
1,0,0,0,4200000,0,2,0,3,2,3640,0,1,1,1153.85,840000,0.6666666666666666,3,1
1,2,0,0,4200000,1,1,0,3,1,5800,0,0,0,724.14,1050000,0.3333333333333333,4,1
1,3,0,0,4200000,0,1,0,3,1,7000,1,0,0,600.0,1050000,0.3333333333333333,5,1
1,0,0,0,4200000,1,1,0,3,3,4079,0,0,0,1029.66,1050000,0.3333333333333333,2,1
1,0,0,0,4200000,1,1,1,3,2,3520,0,0,0,1193.18,1050000,0.3333333333333333,3,2
1,1,0,0,4200000,0,1,1,3,3,2145,0,1,0,1958.04,1050000,0.3333333333333333,4,2
1,0,0,0,4200000,0,1,0,3,1,4500,1,0,1,933.33,1050000,0.3333333333333333,3,1
1,3,0,0,4193000,1,1,0,3,1,8250,0,0,1,508.24,1048250,0.3333333333333333,6,1
1,1,0,0,4193000,1,1,0,3,2,3450,0,0,0,1215.36,1048250,0.3333333333333333,3,1
1,1,0,0,4165000,1,1,0,3,2,4840,0,0,0,860.54,1041250,0.3333333333333333,3,1
1,2,0,0,4165000,1,1,0,3,2,4080,0,0,0,1020.83,1041250,0.3333333333333333,4,1
1,1,0,0,4165000,1,1,0,3,2,4046,0,0,1,1029.41,1041250,0.3333333333333333,4,1
1,0,0,1,4130000,1,1,0,4,2,4632,0,0,0,891.62,826000,0.25,3,1
1,0,0,0,4130000,1,1,0,3,1,5985,0,0,1,690.06,1032500,0.3333333333333333,3,1
1,1,0,0,4123000,1,1,0,2,1,6060,0,0,1,680.36,1374333,0.5,4,1
1,0,0,1,4098500,0,1,1,3,1,3600,1,0,1,1138.47,1024625,0.3333333333333333,5,2
1,0,0,0,4095000,1,2,0,3,2,3680,0,0,0,1112.77,819000,0.6666666666666666,2,1
1,1,0,0,4095000,1,1,0,2,2,4040,0,0,0,1013.61,1365000,0.5,3,1
1,0,0,1,4095000,1,1,0,2,1,5600,0,0,0,731.25,1365000,0.5,3,1
0,1,0,0,4060000,0,2,0,4,2,5900,0,1,1,688.14,676666,0.5,3,0
1,2,0,0,4060000,0,2,0,3,2,4992,0,1,0,813.3,812000,0.6666666666666666,4,1
1,0,0,0,4060000,1,1,0,3,1,4340,0,0,0,935.48,1015000,0.3333333333333333,2,1
1,2,0,1,4060000,1,1,0,4,3,3000,0,0,1,1353.33,812000,0.25,6,1
1,2,0,0,4060000,0,1,1,3,2,4320,1,0,0,939.81,1015000,0.3333333333333333,5,2
1,2,0,0,4025000,1,2,0,3,2,3630,0,0,0,1108.82,805000,0.6666666666666666,4,1
1,1,0,1,4025000,0,2,0,3,1,3460,1,0,1,1163.29,805000,0.6666666666666666,5,1
1,3,0,0,4025000,1,1,0,3,1,5400,0,0,0,745.37,1006250,0.3333333333333333,5,1
0,0,0,1,4007500,1,1,0,3,2,4500,0,0,1,890.56,1001875,0.3333333333333333,3,0
1,0,0,1,4007500,1,1,0,4,2,3460,0,0,0,1158.24,801500,0.25,3,1
0,0,0,0,3990000,0,1,0,4,1,4100,0,1,1,973.17,798000,0.25,2,0
0,1,0,1,3990000,1,1,0,3,2,6480,0,0,0,615.74,997500,0.3333333333333333,3,0
0,0,0,1,3990000,1,2,0,3,2,4500,0,0,1,886.67,798000,0.6666666666666666,3,0
1,0,0,0,3990000,0,1,0,3,2,3960,1,0,0,1007.58,997500,0.3333333333333333,2,1
1,0,1,0,3990000,0,1,1,2,2,4050,0,1,1,985.19,1330000,0.5,5,2
1,3,1,0,3920000,0,2,0,3,1,7260,1,0,1,539.94,784000,0.6666666666666666,7,1
1,0,1,0,3920000,1,1,0,4,2,5500,0,0,1,712.73,784000,0.25,4,1
1,0,0,0,3920000,1,1,0,3,2,3000,0,0,0,1306.67,980000,0.3333333333333333,2,1
1,1,0,0,3920000,0,1,0,2,1,3290,1,0,0,1191.49,1306666,0.5,3,1
1,2,0,1,3920000,0,1,0,2,1,3816,1,0,1,1027.25,1306666,0.5,6,1
1,2,0,1,3920000,1,1,0,3,1,8080,0,0,0,485.15,980000,0.3333333333333333,5,1
1,0,0,0,3920000,0,2,1,4,1,2145,0,1,1,1827.51,653333,0.5,4,2
1,0,1,0,3885000,1,1,0,2,2,3780,0,0,1,1027.78,1295000,0.5,4,1
1,0,0,0,3885000,0,2,0,4,2,3180,1,0,0,1221.7,647500,0.5,2,1
1,0,0,0,3850000,1,2,0,5,2,5300,0,0,0,726.42,550000,0.4,2,1
1,2,0,0,3850000,1,2,0,2,1,3180,0,0,1,1210.69,962500,1.0,5,1
1,0,0,1,3850000,0,1,0,3,2,7152,1,0,0,538.31,962500,0.3333333333333333,3,1
1,0,0,0,3850000,1,1,0,2,1,4080,0,0,0,943.63,1283333,0.5,2,1
1,0,0,0,3850000,1,1,0,2,1,3850,0,0,0,1000.0,1283333,0.5,2,1
1,0,0,0,3850000,1,1,1,3,2,2015,0,0,1,1910.67,962500,0.3333333333333333,4,2
1,0,1,0,3850000,1,1,1,2,2,2176,0,0,0,1769.3,1283333,0.5,4,2
1,0,0,0,3836000,0,1,0,3,2,3350,0,1,0,1145.07,959000,0.3333333333333333,2,1
0,0,0,0,3815000,1,2,0,2,1,3150,0,0,1,1211.11,953750,1.0,2,0
1,0,0,0,3780000,1,1,0,3,2,4820,0,0,0,784.23,945000,0.3333333333333333,2,1
1,1,0,0,3780000,1,1,0,2,2,3420,0,0,0,1105.26,1260000,0.5,3,1
1,0,0,0,3780000,1,1,0,2,1,3600,0,0,0,1050.0,1260000,0.5,2,1
1,2,0,0,3780000,0,1,0,2,1,5830,0,1,0,648.37,1260000,0.5,4,1
1,0,0,0,3780000,0,1,1,3,3,2856,1,0,0,1323.53,945000,0.3333333333333333,3,2
1,1,0,0,3780000,0,1,0,2,1,8400,1,0,0,450.0,1260000,0.5,3,1
1,2,0,0,3773000,0,1,0,3,1,8250,1,0,0,457.33,943250,0.3333333333333333,4,1
0,1,0,1,3773000,0,2,0,5,1,2520,1,0,1,1497.22,539000,0.4,4,0
0,1,0,0,3773000,0,1,0,4,2,6930,1,0,0,544.44,754600,0.25,2,0
1,0,0,0,3745000,1,1,1,2,1,3480,0,0,0,1076.15,1248333,0.5,3,2
1,1,0,0,3710000,0,1,0,3,1,3600,0,1,0,1030.56,927500,0.3333333333333333,3,1
1,0,0,0,3710000,1,1,0,2,1,4040,0,0,0,918.32,1236666,0.5,2,1
1,0,0,0,3710000,1,1,0,3,1,6020,0,0,0,616.28,927500,0.3333333333333333,2,1
1,0,0,0,3710000,0,1,0,2,1,4050,1,0,0,916.05,1236666,0.5,2,1
1,0,0,0,3710000,1,1,0,2,1,3584,0,0,0,1035.16,1236666,0.5,2,1
0,0,0,0,3703000,1,1,0,3,2,3120,0,0,1,1186.86,925750,0.3333333333333333,2,0
1,0,0,0,3703000,0,1,0,2,1,5450,1,0,0,679.45,1234333,0.5,2,1
1,0,0,0,3675000,0,1,0,2,1,3630,1,0,1,1012.4,1225000,0.5,3,1
1,0,0,1,3675000,0,1,0,2,1,3630,0,1,0,1012.4,1225000,0.5,3,1
0,0,0,0,3675000,1,1,0,2,1,5640,0,0,0,651.6,1225000,0.5,1,0
1,0,0,0,3675000,0,1,0,2,1,3600,1,0,0,1020.83,1225000,0.5,2,1
1,2,0,1,3640000,1,1,0,2,1,4280,0,0,0,850.47,1213333,0.5,5,1
1,0,0,0,3640000,1,1,0,3,2,3570,0,0,1,1019.61,910000,0.3333333333333333,3,1
0,0,0,0,3640000,1,1,0,3,2,3180,0,0,1,1144.65,910000,0.3333333333333333,2,0
1,0,0,1,3640000,0,1,0,2,2,3000,1,0,0,1213.33,1213333,0.5,3,1
1,0,0,0,3640000,1,2,0,2,1,3520,0,0,1,1034.09,910000,1.0,3,1
1,0,1,0,3640000,0,1,0,3,2,5960,0,1,1,610.74,910000,0.3333333333333333,4,1
1,2,0,0,3640000,1,2,0,3,2,4130,0,0,0,881.36,728000,0.6666666666666666,4,1
0,0,0,0,3640000,0,2,1,3,2,2850,0,1,1,1277.19,728000,0.6666666666666666,3,1
1,0,0,1,3640000,1,1,1,3,3,2275,0,0,0,1600.0,910000,0.3333333333333333,4,2
1,2,0,0,3633000,0,1,1,3,1,3520,0,1,0,1032.1,908250,0.3333333333333333,5,2
1,0,0,0,3605000,1,1,0,2,1,4500,0,0,0,801.11,1201666,0.5,2,1
1,0,0,0,3605000,1,1,1,2,1,4000,0,0,0,901.25,1201666,0.5,3,2
1,0,0,0,3570000,0,1,0,3,2,3150,1,0,1,1133.33,892500,0.3333333333333333,3,1
1,2,0,0,3570000,0,2,0,4,2,4500,1,0,1,793.33,595000,0.5,5,1
0,0,0,0,3570000,0,1,0,2,1,4500,1,0,0,793.33,1190000,0.5,1,0
1,0,0,0,3570000,0,1,0,2,1,3640,0,1,0,980.77,1190000,0.5,2,1
1,2,0,0,3535000,0,1,0,3,1,3850,0,1,0,918.18,883750,0.3333333333333333,4,1
1,0,0,1,3500000,1,1,0,3,2,4240,0,0,0,825.47,875000,0.3333333333333333,3,1
1,0,0,0,3500000,0,1,0,3,2,3650,0,1,0,958.9,875000,0.3333333333333333,2,1
1,0,0,0,3500000,1,1,0,4,2,4600,0,0,0,760.87,700000,0.25,2,1
0,0,0,0,3500000,0,2,0,3,2,2135,0,1,0,1639.34,700000,0.6666666666666666,1,0
1,0,0,0,3500000,1,1,0,3,2,3036,0,0,1,1152.83,875000,0.3333333333333333,3,1
1,0,0,0,3500000,1,1,0,3,2,3990,0,0,0,877.19,875000,0.3333333333333333,2,1
0,0,0,0,3500000,0,1,0,3,1,7424,0,1,0,471.44,875000,0.3333333333333333,1,0
0,0,0,1,3500000,0,1,0,3,1,3480,0,1,0,1005.75,875000,0.3333333333333333,2,0
1,1,0,0,3500000,0,1,0,6,2,3600,0,1,0,972.22,500000,0.16666666666666666,3,1
1,1,0,0,3500000,1,1,0,2,1,3640,0,0,0,961.54,1166666,0.5,3,1
1,1,0,0,3500000,0,1,0,2,1,5900,1,0,0,593.22,1166666,0.5,3,1
1,1,0,0,3500000,0,1,0,3,2,3120,0,1,0,1121.79,875000,0.3333333333333333,3,1
1,1,0,0,3500000,1,1,0,2,1,7350,0,0,0,476.19,1166666,0.5,3,1
1,1,0,0,3500000,0,1,1,2,1,3512,0,1,0,996.58,1166666,0.5,4,2
1,3,0,0,3500000,0,1,1,3,2,9500,0,1,0,368.42,875000,0.3333333333333333,6,2
1,0,0,0,3500000,0,1,0,2,1,5880,0,1,0,595.24,1166666,0.5,2,1
1,0,0,0,3500000,0,1,0,3,1,12944,0,1,0,270.4,875000,0.3333333333333333,2,1
0,0,0,0,3493000,0,1,0,3,2,4900,0,1,0,712.86,873250,0.3333333333333333,1,0
1,0,0,0,3465000,0,1,0,3,1,3060,0,1,0,1132.35,866250,0.3333333333333333,2,1
1,1,0,0,3465000,0,1,1,2,1,5320,0,1,0,651.32,1155000,0.5,4,2
1,0,0,0,3465000,0,1,1,3,3,2145,1,0,0,1615.38,866250,0.3333333333333333,3,2
1,0,0,0,3430000,0,1,0,2,1,4000,0,1,0,857.5,1143333,0.5,2,1
1,2,0,0,3430000,0,1,0,2,1,3185,0,1,0,1076.92,1143333,0.5,4,1
1,0,0,0,3430000,0,1,0,3,1,3850,0,1,0,890.91,857500,0.3333333333333333,2,1
1,0,0,0,3430000,0,1,1,3,3,2145,1,0,0,1599.07,857500,0.3333333333333333,3,2
1,0,0,0,3430000,0,1,1,3,2,2610,0,1,1,1314.18,857500,0.3333333333333333,4,2
1,0,0,0,3430000,0,2,1,3,2,1950,0,1,1,1758.97,686000,0.6666666666666666,4,2
1,0,0,0,3423000,0,1,0,2,1,4040,0,1,0,847.28,1141000,0.5,2,1
1,1,1,1,3395000,0,1,0,3,2,4785,1,0,1,709.51,848750,0.3333333333333333,6,1
1,2,0,0,3395000,0,1,0,3,1,3450,0,1,1,984.06,848750,0.3333333333333333,5,1
1,0,0,0,3395000,0,1,0,2,1,3640,1,0,0,932.69,1131666,0.5,2,1
1,2,0,1,3360000,0,1,0,4,2,3500,0,1,0,960.0,672000,0.25,5,1
0,0,0,0,3360000,1,1,0,4,3,4960,0,0,0,677.42,672000,0.25,1,0
1,0,0,0,3360000,0,1,0,2,2,4120,0,1,0,815.53,1120000,0.5,2,1
1,0,0,0,3360000,0,1,0,2,1,4750,0,1,0,707.37,1120000,0.5,2,1
0,0,0,1,3360000,0,1,0,2,1,3720,0,1,0,903.23,1120000,0.5,2,0
1,0,0,0,3360000,0,1,0,3,1,3750,0,1,0,896.0,840000,0.3333333333333333,2,1
0,0,0,0,3360000,1,1,0,3,2,3100,0,0,1,1083.87,840000,0.3333333333333333,2,0
1,2,0,0,3360000,0,1,0,2,1,3185,1,0,1,1054.95,1120000,0.5,5,1
0,0,0,0,3353000,0,1,0,3,1,2700,1,0,0,1241.85,838250,0.3333333333333333,1,0
1,0,0,0,3332000,0,1,1,3,2,2145,1,0,1,1553.38,833000,0.3333333333333333,4,2
1,1,0,0,3325000,0,1,0,2,1,4040,0,1,0,823.02,1108333,0.5,3,1
1,0,0,0,3325000,0,1,0,4,2,4775,0,1,0,696.34,665000,0.25,2,1
0,0,0,1,3290000,0,1,0,2,1,2500,0,1,0,1316.0,1096666,0.5,2,0
1,0,0,1,3290000,0,1,0,4,2,3180,0,1,1,1034.59,658000,0.25,4,1
1,0,1,0,3290000,0,1,0,3,1,6060,1,0,1,542.9,822500,0.3333333333333333,4,1
0,1,0,0,3290000,1,1,0,4,2,3480,0,0,0,945.4,658000,0.25,2,0
1,0,0,0,3290000,1,1,0,4,2,3792,0,0,0,867.62,658000,0.25,2,1
1,0,0,0,3290000,0,1,0,2,1,4040,0,1,0,814.36,1096666,0.5,2,1
1,0,0,0,3290000,0,1,1,3,2,2145,1,0,1,1533.8,822500,0.3333333333333333,4,2
1,1,0,0,3290000,0,1,0,3,1,5880,0,1,0,559.52,822500,0.3333333333333333,3,1
0,0,0,0,3255000,1,1,0,2,1,4500,0,0,0,723.33,1085000,0.5,1,0
0,0,0,0,3255000,0,1,0,2,1,3930,0,1,0,828.24,1085000,0.5,1,0
1,0,0,0,3234000,0,1,0,4,2,3640,0,1,1,888.46,646800,0.25,3,1
1,0,0,0,3220000,0,1,0,3,2,4370,0,1,0,736.84,805000,0.3333333333333333,2,1
1,1,0,1,3220000,0,1,0,2,1,2684,0,1,0,1199.7,1073333,0.5,4,1
0,1,0,0,3220000,0,1,0,3,1,4320,0,1,0,745.37,805000,0.3333333333333333,2,0
0,0,0,0,3220000,0,1,0,3,2,3120,1,0,0,1032.05,805000,0.3333333333333333,1,0
1,0,0,0,3150000,0,1,0,1,1,3450,1,0,0,913.04,1575000,1.0,2,1
0,1,1,0,3150000,0,2,0,2,1,3986,0,1,1,790.27,787500,1.0,4,0
0,0,0,0,3150000,1,1,0,2,1,3500,0,0,1,900.0,1050000,0.5,2,0
1,2,0,0,3150000,1,1,0,2,1,4095,0,0,0,769.23,1050000,0.5,4,1
0,0,0,0,3150000,0,1,0,3,2,1650,0,1,1,1909.09,787500,0.3333333333333333,2,0
1,0,0,0,3150000,1,1,0,3,2,3450,0,0,1,913.04,787500,0.3333333333333333,3,1
1,0,0,0,3150000,1,1,0,2,1,6750,0,0,0,466.67,1050000,0.5,2,1
1,2,0,0,3150000,1,1,0,3,2,9000,0,0,0,350.0,787500,0.3333333333333333,4,1
1,1,0,0,3150000,0,1,0,2,1,3069,0,1,0,1026.39,1050000,0.5,3,1
1,0,0,1,3143000,0,1,0,3,2,4500,0,1,0,698.44,785750,0.3333333333333333,3,1
1,0,0,0,3129000,0,1,0,3,1,5495,0,1,1,569.43,782250,0.3333333333333333,3,1
1,0,0,0,3118850,1,1,1,3,1,2398,0,0,0,1300.6,779712,0.3333333333333333,3,2
0,0,0,1,3115000,0,1,0,3,1,3000,0,1,0,1038.33,778750,0.3333333333333333,2,0
1,0,0,0,3115000,0,1,0,3,2,3850,0,1,0,809.09,778750,0.3333333333333333,2,1
1,0,0,0,3115000,0,1,0,2,1,3500,0,1,0,890.0,1038333,0.5,2,1
1,1,0,0,3087000,0,1,0,2,1,8100,0,1,0,381.11,1029000,0.5,3,1
1,0,0,1,3080000,0,1,0,2,1,4960,0,1,1,620.97,1026666,0.5,4,1
0,0,0,0,3080000,1,1,0,3,2,2160,0,0,1,1425.93,770000,0.3333333333333333,2,0
1,0,1,0,3080000,0,1,0,2,1,3090,0,1,1,996.76,1026666,0.5,4,1
1,1,0,0,3080000,1,1,0,2,2,4500,0,0,0,684.44,1026666,0.5,3,1
1,0,0,0,3045000,0,1,0,2,1,3800,0,1,0,801.32,1015000,0.5,2,1
0,0,0,0,3010000,1,1,0,3,2,3090,0,0,0,974.11,752500,0.3333333333333333,1,0
1,2,0,0,3010000,1,1,0,3,2,3240,0,0,0,929.01,752500,0.3333333333333333,4,1
1,0,0,0,3010000,1,1,0,2,1,2835,0,0,0,1061.73,1003333,0.5,2,1
1,0,0,0,3010000,0,1,0,2,1,4600,1,0,0,654.35,1003333,0.5,2,1
0,0,0,0,3010000,0,1,0,3,1,5076,0,1,0,592.99,752500,0.3333333333333333,1,0
1,0,0,0,3010000,0,1,0,3,2,3750,0,1,0,802.67,752500,0.3333333333333333,2,1
1,3,0,0,3010000,1,1,0,4,2,3630,0,0,0,829.2,602000,0.25,5,1
1,0,0,0,3003000,0,1,0,2,1,8050,0,1,0,373.04,1001000,0.5,2,1
0,1,0,0,2975000,0,1,0,4,2,4352,0,1,0,683.59,595000,0.25,2,0
1,0,0,0,2961000,1,1,0,2,2,3000,0,0,0,987.0,987000,0.5,2,1
1,1,0,0,2940000,0,1,0,3,2,5850,0,1,1,502.56,735000,0.3333333333333333,4,1
1,0,0,0,2940000,0,1,0,2,1,4960,0,1,0,592.74,980000,0.5,2,1
0,1,0,0,2940000,0,1,0,3,2,3600,0,1,0,816.67,735000,0.3333333333333333,2,0
0,0,0,0,2940000,0,1,0,4,2,3660,0,1,0,803.28,588000,0.25,1,0
0,1,0,0,2940000,1,1,0,3,2,3480,0,0,0,844.83,735000,0.3333333333333333,2,0
0,0,0,0,2940000,0,1,0,2,1,2700,1,0,0,1088.89,980000,0.5,1,0
0,0,0,0,2940000,0,1,0,3,2,3150,0,1,0,933.33,735000,0.3333333333333333,1,0
1,0,0,0,2940000,1,1,0,3,2,6615,0,0,0,444.44,735000,0.3333333333333333,2,1
0,0,0,0,2870000,0,1,0,2,1,3040,0,1,0,944.08,956666,0.5,1,0
1,0,0,0,2870000,0,1,0,2,1,3630,0,1,0,790.63,956666,0.5,2,1
1,0,0,0,2870000,1,1,0,2,1,6000,0,0,0,478.33,956666,0.5,2,1
1,0,0,0,2870000,0,1,0,4,2,5400,0,1,0,531.48,574000,0.25,2,1
1,0,0,0,2852500,0,1,0,4,3,5200,0,1,0,548.56,570500,0.25,2,1
0,1,0,0,2835000,1,1,0,3,2,3300,0,0,0,859.09,708750,0.3333333333333333,2,0
0,1,0,0,2835000,0,1,0,3,2,4350,0,1,0,651.72,708750,0.3333333333333333,2,0
0,1,0,0,2835000,0,1,0,2,1,2640,1,0,0,1073.86,945000,0.5,2,0
1,1,0,0,2800000,0,1,0,3,2,2650,0,1,1,1056.6,700000,0.3333333333333333,4,1
1,0,0,0,2800000,0,1,0,3,1,3960,1,0,0,707.07,700000,0.3333333333333333,2,1
1,0,0,0,2730000,0,1,0,2,1,6800,0,1,0,401.47,910000,0.5,2,1
1,1,0,0,2730000,0,1,0,3,2,4000,0,1,0,682.5,682500,0.3333333333333333,3,1
1,0,0,0,2695000,0,1,0,2,1,4000,0,1,0,673.75,898333,0.5,2,1
1,0,0,0,2660000,0,1,0,2,1,3934,0,1,0,676.16,886666,0.5,2,1
1,0,0,0,2660000,1,1,0,2,2,2000,0,0,0,1330.0,886666,0.5,2,1
0,0,1,0,2660000,0,3,0,3,2,3630,0,1,0,732.78,443333,1.0,2,0
1,0,0,0,2660000,0,1,0,3,1,2800,0,1,0,950.0,665000,0.3333333333333333,2,1
0,0,0,0,2660000,0,1,0,3,1,2430,0,1,0,1094.65,665000,0.3333333333333333,1,0
1,1,0,0,2660000,1,1,0,2,1,3480,0,0,0,764.37,886666,0.5,3,1
1,0,0,0,2660000,1,1,0,3,1,4000,0,0,0,665.0,665000,0.3333333333333333,2,1
1,0,0,1,2653000,0,1,0,2,1,3185,0,1,0,832.97,884333,0.5,3,1
1,0,0,1,2653000,0,1,0,3,2,4000,0,1,0,663.25,663250,0.3333333333333333,3,1
0,0,0,0,2604000,0,1,0,2,1,2910,0,1,0,894.85,868000,0.5,1,0
1,0,0,0,2590000,0,1,0,2,1,3600,0,1,0,719.44,863333,0.5,2,1
1,0,0,0,2590000,0,1,0,2,1,4400,0,1,0,588.64,863333,0.5,2,1
1,1,0,0,2590000,0,2,0,2,2,3600,1,0,1,719.44,647500,1.0,4,1
0,0,0,0,2520000,0,1,0,3,1,2880,0,1,0,875.0,630000,0.3333333333333333,1,0
0,0,0,0,2520000,0,1,0,3,1,3180,0,1,0,792.45,630000,0.3333333333333333,1,0
1,0,0,0,2520000,0,1,0,2,2,3000,1,0,0,840.0,840000,0.5,2,1
1,0,0,0,2485000,0,1,0,3,2,4400,0,1,0,564.77,621250,0.3333333333333333,2,1
0,0,0,0,2485000,1,1,0,3,2,3000,0,0,0,828.33,621250,0.3333333333333333,1,0
1,0,0,0,2450000,0,1,0,3,2,3210,0,1,1,763.24,612500,0.3333333333333333,3,1
0,1,1,0,2450000,0,1,0,2,1,3240,0,1,0,756.17,816666,0.5,3,0
1,1,0,0,2450000,0,1,0,2,1,3000,0,1,0,816.67,816666,0.5,3,1
1,0,1,0,2450000,0,1,0,2,1,3500,0,1,0,700.0,816666,0.5,3,1
1,0,0,0,2450000,0,1,0,2,2,4840,0,1,0,506.2,816666,0.5,2,1
1,0,0,0,2450000,0,1,0,2,1,7700,0,1,0,318.18,816666,0.5,2,1
0,0,0,0,2408000,0,1,0,2,1,3635,0,1,0,662.45,802666,0.5,1,0
1,0,0,0,2380000,0,1,0,3,2,2475,1,0,0,961.62,595000,0.3333333333333333,2,1
1,0,0,0,2380000,0,2,0,4,2,2787,1,0,0,853.96,396666,0.5,2,1
1,0,0,0,2380000,0,1,0,2,1,3264,0,1,0,729.17,793333,0.5,2,1
1,0,0,0,2345000,0,1,0,2,1,3640,0,1,0,644.23,781666,0.5,2,1
1,0,0,0,2310000,0,1,0,2,1,3180,0,1,0,726.42,770000,0.5,2,1
0,0,0,0,2275000,1,1,0,2,1,1836,0,0,1,1239.11,758333,0.5,2,0
0,0,0,0,2275000,0,1,0,1,1,3970,0,1,0,573.05,1137500,1.0,1,0
1,0,0,0,2275000,0,1,0,3,2,3970,0,1,1,573.05,568750,0.3333333333333333,3,1
0,0,0,0,2240000,0,1,0,3,1,1950,0,1,0,1148.72,560000,0.3333333333333333,1,0
0,0,0,1,2233000,0,1,1,3,1,5300,0,1,0,421.32,558250,0.3333333333333333,3,1
0,0,0,0,2135000,0,1,0,2,1,3000,0,1,0,711.67,711666,0.5,1,0
1,0,0,0,2100000,0,1,0,3,2,2400,0,1,0,875.0,525000,0.3333333333333333,2,1
1,0,0,0,2100000,0,1,0,4,2,3000,0,1,0,700.0,420000,0.25,2,1
1,1,0,0,2100000,0,1,0,2,1,3360,0,1,0,625.0,700000,0.5,3,1
0,0,0,0,1960000,0,1,0,5,2,3420,0,1,0,573.1,326666,0.2,1,0
1,0,0,0,1890000,0,1,0,3,2,1700,0,1,0,1111.76,472500,0.3333333333333333,2,1
1,0,0,0,1890000,0,1,0,2,1,3649,0,1,0,517.95,630000,0.5,2,1
0,1,0,0,1855000,0,1,0,2,1,2990,0,1,0,620.4,618333,0.5,2,0
1,2,0,0,1820000,0,1,0,2,1,3000,0,1,1,606.67,606666,0.5,5,1
0,0,0,0,1767150,1,1,0,3,1,2400,0,0,0,736.31,441787,0.3333333333333333,1,0
1,0,0,0,1750000,0,1,0,2,1,3620,0,1,0,483.43,583333,0.5,2,1
0,0,0,0,1750000,0,1,0,3,1,2910,1,0,0,601.37,437500,0.3333333333333333,1,0
1,0,0,0,1750000,0,1,0,3,2,3850,0,1,0,454.55,437500,0.3333333333333333,2,1
0,1,0,0,5860130,0,1,0,3,2,8314,0,0,0,704.85,1465032,0.3333333333333333,1,0
0,0,0,0,3301236,0,0,0,2,1,4039,0,1,0,817.34,1650618,0.0,1,0
1,0,0,0,3833189,0,1,0,2,2,4082,1,0,0,939.05,1277729,0.5,2,1
0,0,0,0,5178219,0,1,0,3,1,4565,0,0,1,1134.33,1294554,0.3333333333333333,1,0
1,0,0,0,6639672,0,1,0,3,3,5900,0,0,0,1125.37,1659918,0.3333333333333333,1,1
0,0,0,0,5286767,0,0,0,3,1,4776,0,0,0,1106.94,1762255,0.0,0,0
1,0,0,0,6121301,1,1,0,3,2,7174,0,0,0,853.26,1530325,0.3333333333333333,2,1
0,0,0,0,3857698,0,0,0,3,1,3842,0,0,0,1004.09,1285899,0.0,0,0
0,0,0,0,4301260,0,1,0,3,1,5681,0,0,0,757.13,1075315,0.3333333333333333,0,0
0,0,0,0,3606703,0,0,1,2,2,2659,0,0,0,1356.41,1803351,0.0,1,1
0,0,0,0,3356582,0,0,0,3,1,3541,0,0,0,947.92,1118860,0.0,0,0
1,0,0,0,9554598,0,2,0,4,1,14216,0,0,0,672.1,1592433,0.5,1,1
0,0,0,0,4006066,0,0,0,3,2,3821,0,0,0,1048.43,1335355,0.0,0,0
1,0,0,0,5891924,0,1,0,3,2,5592,0,0,0,1053.63,1472981,0.3333333333333333,1,1
1,0,0,0,5891694,0,1,0,3,1,4969,0,0,0,1185.69,1472923,0.3333333333333333,1,1
0,0,0,0,4105827,0,1,0,2,1,5359,0,0,0,766.16,1368609,0.5,0,0
1,0,0,0,4374697,0,0,0,2,1,4822,0,0,0,907.24,2187348,0.0,1,1
0,1,0,0,2319752,0,0,0,1,1,2823,0,0,0,821.73,2319752,0.0,1,0
0,0,0,0,6344214,0,1,0,3,2,4965,0,0,1,1277.79,1586053,0.3333333333333333,1,0
0,0,0,0,2979901,0,1,0,2,1,2855,0,1,0,1043.75,993300,0.5,1,0
1,0,1,0,5368835,0,1,0,3,2,7176,0,0,0,748.17,1342208,0.3333333333333333,2,1
0,0,0,0,4480569,1,1,0,2,1,4435,0,0,0,1010.27,1493523,0.5,1,0
1,0,0,0,4506732,0,0,0,3,2,6969,0,0,0,646.68,1502244,0.0,1,1
0,0,0,0,3871445,0,0,0,2,0,6936,0,0,0,558.17,1935722,0.0,0,0
0,0,0,0,3545180,0,1,0,3,2,4530,0,0,0,782.6,886295,0.3333333333333333,0,0
0,1,0,0,4806614,0,1,0,2,0,5983,0,1,0,803.38,1602204,0.5,2,0
0,0,0,0,3153193,0,0,0,3,1,1669,0,0,0,1889.27,1051064,0.0,0,0
0,1,0,0,3195451,0,1,0,3,2,4397,0,1,0,726.73,798862,0.3333333333333333,2,0
1,1,0,0,4563975,0,0,0,3,1,3780,0,0,0,1207.4,1521325,0.0,2,1
0,0,0,0,4309327,0,1,0,2,2,3445,0,0,0,1250.89,1436442,0.5,0,0
1,1,0,0,8751973,0,0,0,3,1,6029,0,0,0,1451.65,2917324,0.0,2,1
0,0,0,0,5215238,0,1,0,2,1,4094,0,0,1,1273.87,1738412,0.5,1,0
1,0,0,0,4515509,0,0,0,2,2,2567,0,0,0,1759.06,2257754,0.0,1,1
0,0,0,0,3565811,0,0,0,2,1,4862,0,0,0,733.4,1782905,0.0,0,0
0,0,0,0,5783689,0,0,0,3,1,4861,0,0,0,1189.81,1927896,0.0,0,0
0,0,0,0,3774741,0,1,0,2,1,4610,0,0,0,818.82,1258247,0.5,0,0
1,0,0,0,4971699,0,1,0,3,1,4493,0,0,0,1106.54,1242924,0.3333333333333333,1,1
1,1,0,1,5317071,0,0,0,3,0,7830,0,0,0,679.06,1772357,0.0,3,1
0,1,0,0,4323087,0,1,0,3,1,3741,1,0,0,1155.6,1080771,0.3333333333333333,2,0
0,0,0,0,4788950,0,1,0,3,1,4962,0,0,0,965.12,1197237,0.3333333333333333,0,0
1,0,0,0,4272108,1,0,0,2,0,5706,0,0,0,748.7,2136054,0.0,2,1
1,1,0,0,7542407,0,1,0,3,1,4769,0,0,0,1581.55,1885601,0.3333333333333333,2,1
0,1,0,0,5146754,0,1,0,3,0,4391,0,0,0,1172.11,1286688,0.3333333333333333,1,0
1,0,0,0,3897450,0,1,1,2,2,2104,0,0,0,1852.4,1299150,0.5,2,2
0,0,0,0,3753091,0,1,0,3,1,3151,0,0,0,1191.08,938272,0.3333333333333333,0,0
0,1,0,0,5412348,0,0,0,1,1,5954,0,0,0,909.03,5412348,0.0,1,0
0,0,0,0,3619157,0,1,0,2,1,4019,0,0,0,900.51,1206385,0.5,0,0
0,0,0,0,2485755,0,1,0,2,1,3077,0,1,0,807.85,828585,0.5,1,0
0,0,0,0,3209539,0,1,0,2,1,2427,0,0,0,1322.43,1069846,0.5,0,0
0,0,0,0,3259084,0,0,0,2,1,2244,0,0,0,1452.35,1629542,0.0,0,0
1,1,0,0,8336161,0,0,0,4,1,7338,1,0,1,1136.03,2084040,0.0,4,1
1,1,0,0,4898845,0,0,0,3,0,6297,0,0,0,777.96,1632948,0.0,2,1
0,1,0,0,6622781,0,1,0,2,1,7998,0,0,0,828.05,2207593,0.5,1,0
1,0,0,0,4606258,0,1,0,3,2,4482,0,0,0,1027.72,1151564,0.3333333333333333,1,1
1,2,0,0,8305786,0,1,0,3,2,5386,0,0,0,1542.11,2076446,0.3333333333333333,3,1
1,0,0,0,6270353,0,1,0,3,2,6271,0,0,0,999.9,1567588,0.3333333333333333,1,1
0,0,0,0,5342002,0,1,0,2,3,3934,0,0,0,1357.91,1780667,0.5,0,0
0,1,0,0,11304674,0,1,0,3,2,7117,0,0,0,1588.4,2826168,0.3333333333333333,1,0
1,1,0,0,6968094,0,1,0,3,3,7677,0,1,0,907.66,1742023,0.3333333333333333,3,1
0,0,0,0,4124271,0,0,0,1,1,4567,0,0,0,903.06,4124271,0.0,0,0
0,0,0,0,4541848,1,0,0,2,1,4095,0,0,0,1109.12,2270924,0.0,1,0
0,0,0,0,3991322,0,1,0,3,2,4282,0,1,0,932.12,997830,0.3333333333333333,1,0
1,0,0,0,7978701,0,2,0,3,2,5879,0,0,0,1357.15,1595740,0.6666666666666666,1,1
0,0,0,0,3514213,0,0,0,2,1,4326,0,1,0,812.35,1757106,0.0,1,0
0,0,0,0,4617760,0,1,0,2,2,5456,0,0,0,846.36,1539253,0.5,0,0
0,0,0,0,5311215,0,1,0,3,2,4356,0,0,0,1219.29,1327803,0.3333333333333333,0,0
0,0,0,0,4665277,1,1,0,2,2,2666,0,0,0,1749.92,1555092,0.5,1,0
1,0,0,0,4315793,0,1,1,3,1,3952,0,0,1,1092.05,1078948,0.3333333333333333,3,2
0,1,0,0,5566349,0,1,0,3,2,5947,0,0,0,935.99,1391587,0.3333333333333333,1,0
0,0,0,0,5411210,0,1,0,3,1,4825,0,0,0,1121.49,1352802,0.3333333333333333,0,0
1,0,0,0,5004543,1,1,0,2,1,5795,0,0,0,863.6,1668181,0.5,2,1
0,1,0,0,3994695,0,1,0,2,1,4177,0,0,0,956.36,1331565,0.5,1,0
1,1,0,0,5343303,0,1,0,2,3,4047,0,0,0,1320.31,1781101,0.5,2,1
0,0,0,1,5936600,0,1,0,3,2,6031,0,0,0,984.35,1484150,0.3333333333333333,1,0
1,0,0,0,4658021,0,1,0,2,1,5510,0,0,0,845.38,1552673,0.5,1,1
1,0,0,0,8114827,0,1,0,2,1,6959,0,0,0,1166.09,2704942,0.5,1,1
0,0,0,0,5707524,0,0,0,3,1,7006,0,0,0,814.66,1902508,0.0,0,0
1,0,0,0,3278944,0,0,0,2,1,7057,0,0,0,464.64,1639472,0.0,1,1
1,0,0,0,4070201,1,1,0,2,1,3962,0,0,0,1027.31,1356733,0.5,2,1
1,1,0,0,6245829,0,1,0,2,2,4799,1,0,0,1301.49,2081943,0.5,3,1
0,0,0,0,3170491,0,1,0,3,1,3774,0,0,0,840.09,792622,0.3333333333333333,0,0
0,0,0,1,6962082,0,2,0,3,2,6148,0,0,0,1132.41,1392416,0.6666666666666666,1,0
0,0,0,0,4353664,0,1,0,2,1,4854,0,0,0,896.92,1451221,0.5,0,0
1,0,0,0,3484841,1,1,0,2,1,2780,0,0,0,1253.54,1161613,0.5,2,1
1,0,0,0,3527044,0,0,0,2,1,3068,0,0,0,1149.62,1763522,0.0,1,1
1,1,0,0,3919866,0,1,0,1,0,3290,0,0,0,1191.45,1959933,1.0,2,1
0,0,0,0,3458780,0,1,0,3,1,4023,0,0,0,859.75,864695,0.3333333333333333,0,0
0,0,0,0,3338142,0,1,0,2,1,3329,0,0,0,1002.75,1112714,0.5,0,0
0,1,0,0,2924655,1,1,0,2,2,3352,0,0,0,872.51,974885,0.5,2,0
0,0,0,0,4553294,1,1,0,2,1,4191,0,0,0,1086.45,1517764,0.5,1,0
1,0,0,0,5406637,0,1,0,3,1,6450,0,0,0,838.24,1351659,0.3333333333333333,1,1
0,0,0,0,3227653,1,1,0,2,1,3764,0,0,0,857.51,1075884,0.5,1,0
1,1,0,0,4086727,0,1,0,2,1,3618,0,0,0,1129.55,1362242,0.5,2,1
0,0,0,0,1884935,1,1,0,3,1,2479,0,0,0,760.36,471233,0.3333333333333333,1,0
0,0,0,0,7184333,0,1,0,3,3,4682,0,0,0,1534.46,1796083,0.3333333333333333,0,0
0,2,0,0,7129031,0,0,0,2,3,6348,0,0,0,1123.04,3564515,0.0,2,0
1,0,0,0,4954186,1,1,0,2,2,4732,0,0,0,1046.95,1651395,0.5,2,1
1,1,0,0,4833896,0,0,0,3,1,4910,0,0,0,984.5,1611298,0.0,2,1
0,0,0,0,5250270,0,1,0,3,1,7853,0,0,0,668.57,1312567,0.3333333333333333,0,0
1,0,0,0,3358724,0,1,0,2,1,3999,0,0,0,839.89,1119574,0.5,1,1
0,1,0,0,7867092,0,1,0,3,2,5767,1,0,0,1364.16,1966773,0.3333333333333333,2,0
0,1,0,0,4230288,0,1,0,2,1,5988,0,0,0,706.46,1410096,0.5,1,0
1,0,0,0,6845945,0,1,0,3,1,5991,0,0,0,1142.7,1711486,0.3333333333333333,1,1
1,0,0,0,5550853,0,1,0,3,2,5953,0,0,0,932.45,1387713,0.3333333333333333,1,1
0,0,0,0,3253951,0,1,0,3,1,2344,0,0,0,1388.2,813487,0.3333333333333333,0,0
1,0,1,0,4900000,0,1,0,2,0,5648,0,0,1,867.56,1633333,0.5,3,1
1,0,0,0,8302179,0,1,0,2,1,10018,0,0,0,828.73,2767393,0.5,1,1
1,1,0,0,4982442,0,1,0,2,2,7434,0,0,0,670.22,1660814,0.5,2,1
0,1,0,0,5672715,0,0,1,3,1,5834,0,0,0,972.35,1890905,0.0,2,1
0,1,0,1,6196441,0,1,0,3,2,4038,0,0,0,1534.53,1549110,0.3333333333333333,2,0
0,0,0,0,6145304,0,1,0,3,3,5866,0,0,0,1047.61,1536326,0.3333333333333333,0,0
1,0,0,0,3620843,0,0,0,2,1,3253,0,0,0,1113.08,1810421,0.0,1,1
0,0,0,0,3327251,0,0,0,1,2,5059,0,0,0,657.69,3327251,0.0,0,0
1,0,0,0,3901633,0,1,0,2,0,3836,0,0,0,1017.11,1300544,0.5,1,1
1,1,0,0,1926781,0,0,0,1,1,3146,0,1,0,612.45,1926781,0.0,3,1
1,1,0,0,7459567,0,2,0,3,3,7232,0,0,0,1031.47,1491913,0.6666666666666666,2,1
1,0,0,0,4325170,0,1,0,2,1,6884,0,0,0,628.29,1441723,0.5,1,1
0,0,0,1,5848816,0,1,0,3,2,3828,0,0,0,1527.9,1462204,0.3333333333333333,1,0
0,0,0,0,4595763,0,1,0,2,2,3681,0,0,0,1248.51,1531921,0.5,0,0
1,0,0,0,6615378,0,2,0,3,3,8156,0,0,0,811.11,1323075,0.6666666666666666,1,1
0,0,0,0,6443912,0,0,0,2,0,7679,0,0,0,839.16,3221956,0.0,0,0
0,0,0,0,4609477,0,1,0,4,1,3588,1,0,0,1284.69,921895,0.25,1,0
1,0,0,0,3979779,0,1,0,1,2,4047,0,0,0,983.39,1989889,1.0,1,1
1,0,0,0,2511074,0,1,0,3,2,3589,0,0,0,699.66,627768,0.3333333333333333,1,1
0,0,0,0,3515290,0,1,0,3,1,4799,0,1,0,732.5,878822,0.3333333333333333,1,0
1,1,0,0,2716774,0,1,0,2,1,3252,0,0,0,835.42,905591,0.5,2,1
1,0,0,0,4684323,0,0,0,2,1,5131,0,0,0,912.95,2342161,0.0,1,1
0,0,0,0,2993314,0,1,0,3,1,2960,0,0,0,1011.25,748328,0.3333333333333333,0,0
0,1,0,0,4605884,0,0,1,2,1,8847,0,0,0,520.62,2302942,0.0,2,1
0,0,0,0,7079848,0,1,0,2,2,5819,0,0,0,1216.68,2359949,0.5,0,0
1,0,0,0,6508694,0,1,0,3,2,6388,0,0,0,1018.89,1627173,0.3333333333333333,1,1
0,0,0,0,5778978,0,1,0,3,3,3927,0,0,0,1471.6,1444744,0.3333333333333333,0,0
1,0,0,0,4540685,1,1,0,2,1,4097,0,0,0,1108.3,1513561,0.5,2,1
1,0,0,0,3906518,0,1,0,2,1,3587,0,0,0,1089.08,1302172,0.5,1,1
1,0,0,0,3619273,0,1,0,3,0,5676,0,0,0,637.64,904818,0.3333333333333333,1,1
1,0,0,0,3721473,0,1,0,3,1,4078,0,0,0,912.57,930368,0.3333333333333333,1,1
0,1,0,0,4264732,0,1,0,3,1,4813,0,0,0,886.09,1066183,0.3333333333333333,1,0
1,1,0,1,6789720,0,1,0,2,1,6917,0,0,0,981.6,2263240,0.5,3,1
0,0,0,0,4215338,0,1,0,2,1,4477,0,0,0,941.55,1405112,0.5,0,0
0,0,0,0,4654869,0,1,0,2,1,3986,0,0,0,1167.8,1551623,0.5,0,0
0,1,0,0,5137858,0,0,0,3,2,5103,0,0,0,1006.83,1712619,0.0,1,0
0,1,0,0,4111271,0,0,0,2,1,6951,0,0,0,591.46,2055635,0.0,1,0
1,0,0,0,7274035,0,2,0,5,2,5385,1,0,0,1350.8,1039147,0.4,2,1
1,1,0,0,3603232,0,1,0,2,1,4000,0,0,0,900.81,1201077,0.5,2,1
0,0,0,0,3245393,0,0,0,3,1,4413,0,0,0,735.42,1081797,0.0,0,0
0,0,0,0,4414487,1,1,0,3,1,5426,0,0,0,813.58,1103621,0.3333333333333333,1,0
1,1,0,0,3453956,0,1,0,2,2,2819,0,0,0,1225.24,1151318,0.5,2,1
1,0,0,0,4995296,0,1,0,2,1,4529,0,1,0,1102.96,1665098,0.5,2,1
0,1,0,0,3234967,0,0,0,2,0,3797,0,0,0,851.98,1617483,0.0,1,0
0,0,0,0,3110384,0,1,0,2,1,7919,0,0,0,392.77,1036794,0.5,0,0
1,0,0,0,6815094,1,1,0,3,1,6302,0,0,0,1081.42,1703773,0.3333333333333333,2,1
1,0,0,0,6162308,0,1,0,5,2,4607,1,0,0,1337.6,1027051,0.2,2,1
0,1,0,0,8224146,0,2,0,3,3,6355,0,0,0,1294.12,1644829,0.6666666666666666,1,0
0,0,0,0,4049182,0,0,0,2,1,4954,0,1,0,817.36,2024591,0.0,1,0
0,0,0,0,3991518,0,0,0,2,1,5063,0,0,0,788.37,1995759,0.0,0,0
0,0,0,0,2928929,0,1,0,1,1,4049,0,0,0,723.37,1464464,1.0,0,0
0,0,0,0,4095353,0,0,0,2,0,6052,0,0,0,676.69,2047676,0.0,0,0
1,1,0,0,6505168,1,1,0,3,3,11034,0,0,0,589.56,1626292,0.3333333333333333,3,1
0,1,0,0,12076430,0,2,0,3,2,9819,0,0,0,1229.9,2415286,0.6666666666666666,1,0
0,0,0,0,3606348,0,0,0,2,1,4291,1,0,0,840.44,1803174,0.0,1,0
0,0,0,0,4415915,0,0,0,2,1,3525,0,0,0,1252.74,2207957,0.0,0,0
0,0,0,0,3542294,0,1,0,2,1,4235,0,0,0,836.43,1180764,0.5,0,0
1,0,0,0,3285285,0,1,0,2,1,4033,0,0,0,814.6,1095095,0.5,1,1
1,0,0,0,8205401,1,1,0,2,1,7845,0,0,0,1045.94,2735133,0.5,2,1
1,0,0,0,5044624,0,1,0,3,1,10677,0,0,1,472.48,1261156,0.3333333333333333,2,1
0,0,0,0,3308300,0,0,0,1,0,3368,0,1,0,982.27,3308300,0.0,1,0
0,1,0,0,8195108,0,1,0,2,0,8657,0,0,0,946.65,2731702,0.5,1,0
1,0,0,0,5995865,0,1,0,2,2,6191,0,0,0,968.48,1998621,0.5,1,1
0,1,0,0,4932667,0,1,0,2,1,2848,0,0,0,1731.98,1644222,0.5,1,0
0,0,0,0,4452452,0,1,0,2,1,5124,0,0,0,868.94,1484150,0.5,0,0
0,0,0,0,5696023,0,1,0,4,2,5164,0,0,0,1103.03,1139204,0.25,0,0
0,0,0,0,4883828,0,0,0,2,1,4550,0,0,0,1073.37,2441914,0.0,0,0
0,1,0,0,5943430,0,1,0,3,1,15090,0,0,0,393.87,1485857,0.3333333333333333,1,0
0,0,0,0,4741154,0,0,0,2,1,10474,0,0,0,452.66,2370577,0.0,0,0
1,0,0,0,4778144,0,1,0,3,1,4060,0,0,0,1176.88,1194536,0.3333333333333333,1,1
0,0,0,0,3014559,0,0,0,2,0,3106,0,0,0,970.56,1507279,0.0,0,0
0,0,0,0,4280118,0,1,0,2,1,7329,0,0,0,584.0,1426706,0.5,0,0
0,0,0,0,5214781,0,1,0,2,1,6866,0,0,0,759.51,1738260,0.5,0,0
0,0,0,0,3690322,0,1,0,2,1,4482,0,0,0,823.37,1230107,0.5,0,0
0,0,0,0,3117586,0,0,0,2,0,4278,0,0,0,728.75,1558793,0.0,0,0
1,0,0,0,5348544,0,1,0,2,1,8702,0,0,0,614.63,1782848,0.5,1,1
1,1,0,0,5842960,0,1,0,3,2,4418,0,0,0,1322.54,1460740,0.3333333333333333,2,1
1,0,0,0,3214728,0,1,0,3,3,5173,0,0,0,621.44,803682,0.3333333333333333,1,1
0,1,0,0,5557730,0,1,0,3,1,5507,0,0,0,1009.21,1389432,0.3333333333333333,1,0
1,1,0,0,4425667,0,0,0,2,1,5627,0,0,0,786.51,2212833,0.0,2,1
0,1,1,0,6011403,0,0,1,2,1,6365,0,0,0,944.45,3005701,0.0,3,1
1,0,0,0,3147945,0,1,0,1,0,4412,0,0,0,713.5,1573972,1.0,1,1
0,0,0,0,7237626,0,2,0,2,2,5406,0,1,0,1338.81,1809406,1.0,1,0
0,0,0,0,4391169,1,1,0,2,1,3882,0,0,0,1131.16,1463723,0.5,1,0
0,0,0,0,3597068,0,1,0,3,2,3279,0,0,1,1097.0,899267,0.3333333333333333,1,0
1,0,0,0,3428587,0,0,0,2,1,2311,0,0,0,1483.59,1714293,0.0,1,1
0,2,0,0,5779987,0,1,0,2,1,5343,0,0,0,1081.79,1926662,0.5,2,0
0,0,0,0,4183429,0,0,0,3,1,4322,0,0,0,967.94,1394476,0.0,0,0
1,0,0,0,4464903,0,1,0,1,1,3487,0,0,0,1280.44,2232451,1.0,1,1
1,1,0,0,3655130,0,0,0,2,2,6348,0,0,0,575.79,1827565,0.0,2,1
0,1,0,0,7510551,0,1,0,3,2,7076,0,0,0,1061.41,1877637,0.3333333333333333,1,0
0,0,0,0,4206482,0,0,0,2,1,5030,0,1,0,836.28,2103241,0.0,1,0
0,1,0,0,8685250,0,1,1,3,1,7027,0,0,0,1235.98,2171312,0.3333333333333333,2,1
1,0,0,0,4385018,0,1,0,2,1,4250,0,0,0,1031.77,1461672,0.5,1,1
0,0,0,0,5961311,0,1,0,2,2,6315,0,0,0,943.99,1987103,0.5,0,0
1,0,0,0,2452744,0,0,0,2,2,3209,0,1,0,764.33,1226372,0.0,2,1
1,0,0,0,4940195,0,1,0,2,1,4808,0,0,0,1027.49,1646731,0.5,1,1
0,0,0,0,3414822,0,1,0,2,0,10633,0,0,0,321.15,1138274,0.5,0,0
0,0,0,0,4241758,1,1,0,3,1,4711,0,0,0,900.39,1060439,0.3333333333333333,1,0
0,2,0,1,6050943,0,1,0,3,2,5351,0,0,0,1130.81,1512735,0.3333333333333333,3,0
1,0,0,1,4667737,0,1,0,3,1,3924,0,0,0,1189.54,1166934,0.3333333333333333,2,1
0,0,0,0,2275558,0,1,0,2,1,4057,0,0,0,560.9,758519,0.5,0,0
1,0,0,0,5362708,0,1,0,2,2,5300,0,0,0,1011.83,1787569,0.5,1,1
1,1,0,0,4864345,0,1,0,2,2,3945,0,0,0,1233.04,1621448,0.5,2,1
0,1,0,0,4667709,0,1,0,1,1,7039,0,0,0,663.12,2333854,1.0,1,0
1,1,0,0,10794114,1,2,0,3,1,7478,0,0,0,1443.45,2158822,0.6666666666666666,3,1
0,1,0,0,5715573,0,1,0,2,2,7512,0,0,0,760.86,1905191,0.5,1,0
1,1,0,0,2956051,0,1,0,2,1,3286,0,0,0,899.59,985350,0.5,2,1
0,1,0,0,5618631,0,0,0,3,2,3923,0,0,0,1432.23,1872877,0.0,1,0
0,2,0,0,12105871,0,1,1,3,2,7483,0,0,0,1617.78,3026467,0.3333333333333333,3,1
0,0,1,0,5783587,0,0,0,4,1,4434,1,0,0,1304.37,1445896,0.0,2,0
1,0,0,0,3718553,0,1,0,3,1,2441,0,0,0,1523.37,929638,0.3333333333333333,1,1
0,0,0,0,4106928,0,1,0,4,2,4800,0,0,1,855.61,821385,0.25,1,0
0,0,0,0,5109645,0,0,0,2,1,5053,0,0,0,1011.21,2554822,0.0,0,0
1,0,0,0,3500000,0,1,0,2,1,5194,0,0,0,673.85,1166666,0.5,1,1
0,1,0,0,5199402,0,1,0,2,1,4851,0,0,0,1071.82,1733134,0.5,1,0
0,0,0,0,3180535,0,1,0,3,1,3828,0,0,0,830.86,795133,0.3333333333333333,0,0
0,0,0,0,3901005,0,0,0,3,2,4265,0,0,0,914.66,1300335,0.0,0,0
0,2,0,0,5718518,0,0,0,2,0,7000,0,0,0,816.93,2859259,0.0,2,0
1,0,0,0,4173461,1,1,0,3,1,4240,0,0,0,984.31,1043365,0.3333333333333333,2,1
0,1,0,0,3483968,0,0,0,2,0,3437,0,1,0,1013.67,1741984,0.0,2,0
0,0,0,0,7611601,0,1,0,3,2,4536,1,0,0,1678.04,1902900,0.3333333333333333,1,0
1,1,0,0,3980970,0,1,0,1,0,7048,0,0,0,564.84,1990485,1.0,2,1
0,0,0,0,2278004,0,1,0,2,1,5259,0,0,0,433.16,759334,0.5,0,0
0,0,0,0,5900521,0,2,0,5,1,4241,0,0,0,1391.3,842931,0.4,0,0
1,2,1,0,8246099,0,1,0,2,0,7037,0,0,1,1171.82,2748699,0.5,5,1
0,2,0,1,8032410,0,1,0,3,3,8984,1,0,0,894.08,2008102,0.3333333333333333,4,0
1,1,0,0,5256908,0,2,0,4,1,9314,0,0,0,564.41,876151,0.5,2,1
0,1,0,0,3900792,0,0,0,3,2,3053,0,0,1,1277.69,1300264,0.0,2,0
1,0,0,0,4153444,0,1,0,2,1,5569,0,0,0,745.82,1384481,0.5,1,1
0,0,0,0,3560192,0,0,0,2,1,2460,0,1,0,1447.23,1780096,0.0,1,0
1,0,0,0,6007927,1,1,0,2,2,4791,0,0,0,1254.0,2002642,0.5,2,1
0,1,0,0,9468784,0,1,0,2,3,5795,0,0,0,1633.96,3156261,0.5,1,0
1,1,0,0,4334985,0,0,0,2,1,4179,0,0,0,1037.33,2167492,0.0,2,1
0,0,0,0,4885603,0,1,0,3,1,8071,0,0,0,605.33,1221400,0.3333333333333333,0,0
0,1,0,0,4094335,1,1,0,3,1,4036,0,0,0,1014.45,1023583,0.3333333333333333,2,0
0,2,0,0,4745893,1,1,0,2,1,5711,0,0,0,831.01,1581964,0.5,3,0
0,2,0,0,4058342,0,0,0,3,1,4318,0,0,0,939.87,1352780,0.0,2,0
0,0,0,0,4215759,0,0,0,3,1,5350,0,0,0,787.99,1405253,0.0,0,0
0,0,0,0,5613489,0,1,0,2,1,4406,0,0,0,1274.06,1871163,0.5,0,0
0,0,0,0,2566784,0,1,0,3,1,3197,0,0,0,802.87,641696,0.3333333333333333,0,0
1,1,0,0,6586142,0,1,0,3,3,6061,0,0,0,1086.64,1646535,0.3333333333333333,2,1
0,1,0,0,5076509,0,1,0,2,1,9499,0,0,0,534.43,1692169,0.5,1,0
0,0,0,0,4712229,0,0,0,2,2,6375,0,0,0,739.17,2356114,0.0,0,0
0,0,0,0,5220825,0,1,0,3,2,2848,0,0,0,1833.15,1305206,0.3333333333333333,0,0
0,0,0,0,3431137,0,1,0,2,2,5927,0,0,1,578.9,1143712,0.5,1,0
1,0,0,0,6848565,0,1,0,2,2,5655,0,0,0,1211.06,2282855,0.5,1,1
0,0,0,0,4117072,0,1,0,3,2,3684,0,0,0,1117.55,1029268,0.3333333333333333,0,0
1,0,0,0,2503896,0,0,0,1,1,2999,0,0,0,834.91,2503896,0.0,1,1
0,0,0,0,4474884,0,1,0,3,2,2886,0,0,0,1550.55,1118721,0.3333333333333333,0,0
0,1,0,0,7517460,0,1,0,3,3,6890,0,0,0,1091.07,1879365,0.3333333333333333,1,0
0,0,0,0,4253272,0,1,0,1,0,6241,0,0,0,681.5,2126636,1.0,0,0
0,1,0,0,4662610,1,1,0,2,1,3614,0,0,0,1290.15,1554203,0.5,2,0
0,0,0,0,3146466,0,1,0,2,1,3973,0,1,0,791.96,1048822,0.5,1,0
0,0,0,0,4199999,0,1,0,3,1,3437,0,0,0,1222.0,1049999,0.3333333333333333,0,0
0,1,0,0,5239961,0,2,0,3,1,4815,0,0,1,1088.26,1047992,0.6666666666666666,2,0
0,0,0,0,6474548,0,1,0,3,2,6629,0,0,0,976.7,1618637,0.3333333333333333,0,0
1,1,0,0,5449023,1,1,1,2,1,6626,0,0,0,822.37,1816341,0.5,4,2
0,0,0,1,5937898,0,1,0,3,2,6986,0,0,0,849.97,1484474,0.3333333333333333,1,0
1,1,0,0,3768467,0,1,0,2,1,5267,0,0,0,715.49,1256155,0.5,2,1
0,0,1,0,5697740,0,1,0,4,3,5950,0,0,0,957.6,1139548,0.25,1,0
1,0,0,1,5405939,0,1,0,2,1,6015,0,0,0,898.74,1801979,0.5,2,1
0,1,0,1,4647699,0,1,0,3,0,4463,0,0,1,1041.38,1161924,0.3333333333333333,3,0
0,2,0,0,3976854,0,1,0,3,2,8898,0,1,0,446.94,994213,0.3333333333333333,3,0
0,1,0,0,8332264,0,1,0,2,3,7685,0,0,0,1084.22,2777421,0.5,1,0
0,0,0,0,4074888,0,1,0,3,1,3613,0,0,0,1127.84,1018722,0.3333333333333333,0,0
0,0,0,0,3388901,0,0,0,2,1,4686,0,0,0,723.2,1694450,0.0,0,0
1,0,0,0,4383225,0,1,0,2,1,4231,0,0,0,1035.98,1461075,0.5,1,1
0,1,0,0,5488817,0,1,0,3,1,5469,0,0,0,1003.62,1372204,0.3333333333333333,1,0
1,0,0,0,5276731,0,1,0,3,1,9407,0,0,0,560.94,1319182,0.3333333333333333,1,1
0,0,1,1,5721202,0,1,0,3,2,5036,1,0,0,1136.06,1430300,0.3333333333333333,3,0
0,1,0,0,4645132,0,1,0,2,1,9670,0,0,0,480.37,1548377,0.5,1,0
0,1,0,0,2950413,0,0,0,2,1,3768,0,0,0,783.02,1475206,0.0,1,0
0,0,1,0,5766259,0,2,0,3,2,7915,0,0,0,728.52,1153251,0.6666666666666666,1,0
0,1,0,1,7962500,0,0,0,2,3,5999,0,0,0,1327.3,3981250,0.0,2,0
0,0,0,0,4919990,0,1,0,2,2,2854,0,0,1,1723.89,1639996,0.5,1,0
0,0,0,0,2217155,0,1,0,3,1,1788,0,1,0,1240.02,554288,0.3333333333333333,1,0
0,1,0,0,4710087,0,0,1,3,1,5631,0,0,0,836.46,1570029,0.0,2,1
0,0,0,0,2447886,0,1,0,1,0,3284,0,0,0,745.4,1223943,1.0,0,0
0,0,0,0,2653227,0,1,0,3,1,3987,0,1,0,665.47,663306,0.3333333333333333,1,0
1,0,0,0,9025042,0,2,0,2,2,7651,0,0,0,1179.59,2256260,1.0,1,1
0,0,0,0,6351062,0,1,0,2,1,5677,0,0,0,1118.74,2117020,0.5,0,0
0,0,0,0,2941379,0,0,0,2,1,4959,0,0,0,593.14,1470689,0.0,0,0
0,0,0,0,3391629,0,0,0,2,1,4071,0,0,0,833.12,1695814,0.0,0,0
0,0,0,0,3445022,1,0,0,2,1,6411,0,0,0,537.36,1722511,0.0,1,0
0,0,0,0,4900932,0,1,0,2,0,6448,0,0,0,760.07,1633644,0.5,0,0
0,0,0,0,4555204,0,1,0,4,1,7470,0,0,0,609.8,911040,0.25,0,0
1,1,0,0,6326839,0,0,1,2,0,8492,0,0,1,745.04,3163419,0.0,4,2
1,0,0,0,3486288,0,1,0,3,1,3690,0,0,0,944.79,871572,0.3333333333333333,1,1
0,0,0,0,6297892,0,1,0,3,3,6603,0,0,0,953.79,1574473,0.3333333333333333,0,0
0,0,0,0,4686110,0,0,0,2,1,3526,0,0,0,1329.02,2343055,0.0,0,0
1,1,0,0,5548458,0,2,0,3,3,5658,0,0,0,980.64,1109691,0.6666666666666666,2,1
0,0,0,0,3790923,0,1,0,2,1,4919,0,0,0,770.67,1263641,0.5,0,0
0,0,0,0,4069258,0,2,0,2,1,3673,0,0,0,1107.88,1017314,1.0,0,0
0,0,0,0,5635880,0,1,0,3,1,3622,0,0,0,1556.01,1408970,0.3333333333333333,0,0
1,2,0,0,4890092,0,0,0,2,1,8105,0,0,0,603.34,2445046,0.0,3,1
0,1,0,1,6500014,0,1,0,2,3,5421,0,0,0,1199.04,2166671,0.5,2,0
0,0,0,0,4193172,0,1,0,3,2,4223,0,0,0,992.94,1048293,0.3333333333333333,0,0
0,0,0,0,4532199,1,1,0,2,2,4064,0,0,0,1115.21,1510733,0.5,1,0
0,0,1,0,6841888,0,1,0,3,3,6250,0,0,0,1094.7,1710472,0.3333333333333333,1,0
0,1,0,1,9030497,0,0,0,3,1,5959,0,0,0,1515.44,3010165,0.0,2,0
0,0,1,0,6031743,1,1,0,3,3,5840,0,0,0,1032.83,1507935,0.3333333333333333,2,0
0,1,0,0,5090982,0,2,0,3,2,4485,0,0,0,1135.11,1018196,0.6666666666666666,1,0
0,0,0,0,3802584,0,0,0,2,1,4873,0,0,0,780.34,1901292,0.0,0,0
1,1,0,0,7069519,0,1,0,2,3,7505,0,0,0,941.97,2356506,0.5,2,1
1,0,0,0,4143201,0,0,0,3,1,4674,0,0,0,886.44,1381067,0.0,1,1
0,0,0,0,5916954,0,1,0,3,3,5649,0,0,0,1047.43,1479238,0.3333333333333333,0,0
0,0,0,0,4401473,0,1,0,2,2,3112,0,1,0,1414.36,1467157,0.5,1,0
0,1,0,0,5229119,0,1,0,3,1,4941,0,0,1,1058.31,1307279,0.3333333333333333,2,0
0,0,0,1,6867071,0,1,0,3,1,6055,1,0,0,1134.12,1716767,0.3333333333333333,2,0
0,1,0,0,6929979,0,1,0,2,2,7804,0,0,1,888.0,2309993,0.5,2,0
0,0,0,0,4196951,0,0,0,2,1,4472,0,0,0,938.5,2098475,0.0,0,0
0,0,0,0,5882663,0,1,0,3,2,5526,0,1,0,1064.54,1470665,0.3333333333333333,1,0
1,1,0,0,6499899,0,1,0,2,1,7359,0,0,0,883.26,2166633,0.5,2,1
0,0,0,0,3520566,0,0,0,2,1,3873,0,0,0,909.0,1760283,0.0,0,0
0,0,0,0,4420507,0,1,0,3,2,3916,0,0,0,1128.83,1105126,0.3333333333333333,0,0
0,0,0,0,3074251,0,1,0,1,1,3489,1,0,0,881.13,1537125,1.0,1,0
1,1,0,0,5971093,0,1,0,3,2,4041,0,0,0,1477.63,1492773,0.3333333333333333,2,1
1,1,0,0,4922409,0,1,0,3,1,6601,1,0,0,745.71,1230602,0.3333333333333333,3,1
1,0,0,0,3373644,0,1,0,3,2,5470,0,0,0,616.75,843411,0.3333333333333333,1,1
0,0,0,0,4799815,0,1,0,2,1,5342,0,0,0,898.51,1599938,0.5,0,0
0,0,0,0,3509565,0,1,0,2,1,2986,0,0,0,1175.34,1169855,0.5,0,0
0,0,0,0,5045661,0,1,0,2,1,5777,0,0,0,873.41,1681887,0.5,0,0
0,2,0,0,3849248,0,1,0,2,0,5115,0,0,0,752.54,1283082,0.5,2,0
1,0,0,0,4936575,0,0,0,3,1,4035,0,0,0,1223.44,1645525,0.0,1,1
0,0,0,0,6512509,0,1,0,3,1,4777,0,0,0,1363.31,1628127,0.3333333333333333,0,0
0,0,0,0,6134054,0,1,0,2,3,4450,0,0,0,1378.44,2044684,0.5,0,0
0,0,0,0,3405365,0,1,0,3,2,3481,0,0,0,978.27,851341,0.3333333333333333,0,0
1,0,0,0,6554089,0,1,0,2,3,8210,0,0,0,798.31,2184696,0.5,1,1
1,1,0,0,7886971,0,1,0,4,1,7927,0,0,0,994.95,1577394,0.25,2,1
0,0,0,0,4617019,0,1,0,2,1,6788,0,1,0,680.17,1539006,0.5,1,0
0,0,0,0,5782105,0,0,0,2,1,4510,0,0,0,1282.06,2891052,0.0,0,0
1,1,0,0,6250210,0,1,0,3,3,5463,0,0,0,1144.1,1562552,0.3333333333333333,2,1
1,2,0,0,5202696,0,1,0,2,0,6472,0,0,0,803.88,1734232,0.5,3,1
0,0,0,0,3390499,0,1,0,3,1,6125,0,0,0,553.55,847624,0.3333333333333333,0,0
0,0,0,0,4831961,1,0,0,3,1,5180,0,0,0,932.81,1610653,0.0,1,0
0,1,0,0,4752605,0,0,0,3,2,6761,0,0,0,702.94,1584201,0.0,1,0
0,0,0,0,3831826,0,0,0,2,1,7731,0,0,0,495.64,1915913,0.0,0,0
1,0,0,0,5457938,0,1,0,3,2,4098,0,0,0,1331.85,1364484,0.3333333333333333,1,1
1,0,0,0,3768574,1,1,0,3,1,4904,0,0,0,768.47,942143,0.3333333333333333,2,1
0,0,0,1,3730802,0,1,0,2,1,3730,0,1,0,1000.22,1243600,0.5,2,0
1,0,0,0,4396287,0,0,0,2,2,3698,0,0,0,1188.83,2198143,0.0,1,1
0,1,0,0,4652246,0,1,0,4,1,3807,0,0,0,1222.02,930449,0.25,1,0
0,0,1,0,7137547,0,0,0,3,1,6458,0,0,1,1105.23,2379182,0.0,2,0
0,0,0,0,2598659,0,1,0,2,0,3722,0,1,0,698.19,866219,0.5,1,0
0,0,0,0,5140378,0,0,1,3,1,4754,0,0,0,1081.27,1713459,0.0,1,1
0,0,0,0,5987192,0,2,0,2,1,6748,0,0,0,887.25,1496798,1.0,0,0
0,0,0,0,4584439,0,0,0,2,1,3635,0,0,1,1261.19,2292219,0.0,1,0
0,0,0,0,2512645,0,1,0,4,2,3836,0,1,0,655.02,502529,0.25,1,0
0,0,0,0,4734645,0,1,0,2,1,4373,0,0,0,1082.7,1578215,0.5,0,0
0,0,0,0,2905527,0,1,0,2,1,3384,0,1,0,858.61,968509,0.5,1,0
0,1,0,0,7631235,0,1,0,3,1,6251,0,0,0,1220.8,1907808,0.3333333333333333,1,0
0,1,0,0,3427918,0,0,0,3,1,4095,0,0,0,837.1,1142639,0.0,1,0
1,0,0,0,4063080,0,1,0,2,0,6478,0,0,0,627.21,1354360,0.5,1,1
1,0,0,0,3469984,0,0,0,2,1,2776,0,0,0,1249.99,1734992,0.0,1,1
0,0,0,0,3772531,0,1,0,1,0,3584,0,0,0,1052.6,1886265,1.0,0,0
0,1,0,0,3551394,0,1,0,3,1,5050,0,0,0,703.25,887848,0.3333333333333333,1,0
1,1,0,0,3835760,0,0,1,3,1,3991,0,0,0,961.1,1278586,0.0,3,2
1,1,0,0,5615302,0,1,0,2,1,6653,0,0,0,844.03,1871767,0.5,2,1
0,1,0,0,5133701,0,1,0,2,1,3159,0,0,0,1625.1,1711233,0.5,1,0
0,0,0,0,2941795,0,1,0,2,1,3142,0,0,0,936.28,980598,0.5,0,0
0,0,0,0,5416921,0,0,0,3,3,6152,0,0,0,880.51,1805640,0.0,0,0
0,1,0,1,5272864,0,1,0,2,1,5959,0,0,0,884.86,1757621,0.5,2,0
0,1,0,0,5409839,0,1,0,2,2,7341,0,0,0,736.93,1803279,0.5,1,0
1,1,0,0,5551059,0,1,0,2,1,7069,1,0,0,785.27,1850353,0.5,3,1
0,1,0,0,4528648,0,1,0,2,0,4886,0,0,0,926.86,1509549,0.5,1,0
1,0,0,0,3553863,1,1,0,2,1,3093,0,0,0,1149.0,1184621,0.5,2,1
1,0,0,0,6142384,0,1,0,3,2,3985,0,0,0,1541.38,1535596,0.3333333333333333,1,1
1,0,0,0,6124541,0,1,0,3,3,6851,0,0,0,893.96,1531135,0.3333333333333333,1,1
0,0,0,0,3270680,0,1,0,2,1,3186,0,0,0,1026.58,1090226,0.5,0,0
0,1,0,0,6113017,0,1,0,3,2,5772,0,0,0,1059.08,1528254,0.3333333333333333,1,0
1,2,0,0,6026771,0,2,0,4,1,7718,0,0,0,780.87,1004461,0.5,3,1
1,0,0,0,3036599,0,0,0,2,1,3111,0,0,0,976.08,1518299,0.0,1,1
1,1,0,0,6061180,0,1,0,2,1,6778,0,0,0,894.24,2020393,0.5,2,1
1,1,0,0,4234043,0,1,0,3,1,3936,0,0,0,1075.72,1058510,0.3333333333333333,2,1
0,0,0,0,2864493,0,1,0,3,1,2999,0,0,0,955.15,716123,0.3333333333333333,0,0
0,0,0,0,3891431,0,1,0,2,2,3819,0,0,0,1018.97,1297143,0.5,0,0
1,0,0,0,6177600,0,1,0,2,1,4122,0,0,1,1498.69,2059200,0.5,2,1
1,0,0,0,3397481,0,1,0,3,1,2884,0,0,0,1178.04,849370,0.3333333333333333,1,1
1,0,0,0,3847965,0,1,0,2,2,5480,0,1,0,702.18,1282655,0.5,2,1
0,0,0,0,5661765,1,0,0,3,3,5891,0,0,0,961.09,1887255,0.0,1,0
0,1,0,0,4287989,0,0,0,1,1,6037,0,0,0,710.28,4287989,0.0,1,0
0,1,0,0,3785475,0,0,0,3,0,7764,0,0,0,487.57,1261825,0.0,1,0
0,0,0,0,3318940,0,0,0,2,0,3991,0,0,0,831.61,1659470,0.0,0,0
0,0,0,0,3770581,0,0,0,2,1,7768,0,0,0,485.4,1885290,0.0,0,0
1,0,0,0,5482536,0,1,0,2,2,6619,0,0,0,828.3,1827512,0.5,1,1
0,1,0,0,6018406,0,1,0,3,2,4381,0,0,0,1373.75,1504601,0.3333333333333333,1,0
0,0,0,0,4692166,0,1,0,2,1,3583,0,0,0,1309.56,1564055,0.5,0,0
0,1,0,0,8335207,0,1,0,3,2,6487,0,0,0,1284.91,2083801,0.3333333333333333,1,0
0,0,0,0,3716575,0,1,0,2,1,5662,0,0,0,656.41,1238858,0.5,0,0
1,1,0,0,3282343,0,1,0,1,0,3991,0,0,0,822.44,1641171,1.0,2,1
1,1,0,0,4900546,0,0,0,2,1,3656,0,0,1,1340.41,2450273,0.0,3,1
1,0,0,0,4955079,1,0,0,2,1,5275,0,0,0,939.35,2477539,0.0,2,1
0,0,0,0,3442565,0,0,0,2,0,3196,0,0,0,1077.15,1721282,0.0,0,0
0,0,0,0,6908130,0,1,0,2,1,8128,0,0,0,849.92,2302710,0.5,0,0
0,2,0,0,5556476,0,1,0,2,0,8101,0,0,1,685.9,1852158,0.5,3,0
1,0,0,0,3783807,0,1,0,2,1,3590,0,0,0,1053.99,1261269,0.5,1,1
0,0,0,0,6225789,0,1,0,2,2,4224,0,0,0,1473.91,2075263,0.5,0,0
1,1,0,1,6086103,0,1,0,2,1,7516,0,0,0,809.75,2028701,0.5,3,1
0,0,0,0,3358528,0,1,0,4,1,3379,0,1,0,993.94,671705,0.25,1,0
0,0,0,0,4624819,0,1,0,3,2,4988,0,0,0,927.19,1156204,0.3333333333333333,0,0
1,0,0,0,4156892,0,0,0,2,1,3635,0,0,0,1143.57,2078446,0.0,1,1
0,0,0,0,6567824,0,1,0,3,2,5674,0,0,0,1157.53,1641956,0.3333333333333333,0,0
1,0,0,0,7146749,1,1,0,2,1,5923,0,0,0,1206.61,2382249,0.5,2,1
0,0,0,0,3040564,0,0,0,2,1,3655,0,0,0,831.89,1520282,0.0,0,0
1,0,0,0,5080060,0,1,0,3,1,5899,0,0,1,861.17,1270015,0.3333333333333333,2,1
0,0,0,0,3156947,0,1,0,2,1,2890,0,1,0,1092.37,1052315,0.5,1,0
0,0,0,0,3731991,0,1,0,2,0,3434,0,0,1,1086.78,1243997,0.5,1,0
0,0,0,0,7513662,0,2,0,4,2,9594,0,1,0,783.16,1252277,0.5,1,0
0,0,0,1,5928328,0,1,0,3,1,5190,0,0,0,1142.26,1482082,0.3333333333333333,1,0
1,0,0,1,3512738,0,1,0,2,1,3057,0,1,0,1149.08,1170912,0.5,3,1
0,0,0,0,3670459,0,1,0,4,1,4601,0,0,0,797.75,734091,0.25,0,0
0,2,0,0,7732381,0,2,0,2,3,6289,0,0,0,1229.51,1933095,1.0,2,0
1,0,0,0,3973329,1,1,0,3,1,3841,0,0,0,1034.45,993332,0.3333333333333333,2,1
1,0,0,0,3188524,0,1,0,2,1,6191,0,0,0,515.03,1062841,0.5,1,1
1,0,0,0,7403564,0,2,1,2,3,7419,0,0,0,997.92,1850891,1.0,2,2
0,0,0,0,5110211,0,1,0,4,2,4457,0,0,0,1146.56,1022042,0.25,0,0
1,1,0,0,6129626,0,1,0,2,2,5052,0,0,0,1213.31,2043208,0.5,2,1
0,1,0,0,6223642,0,1,0,3,3,3758,0,0,0,1656.1,1555910,0.3333333333333333,1,0
1,1,0,0,6798543,0,1,0,2,1,4528,0,0,0,1501.45,2266181,0.5,2,1
1,0,0,0,6288601,0,1,0,2,2,5678,0,0,0,1107.54,2096200,0.5,1,1
1,0,0,0,3581403,0,0,0,2,1,5853,0,0,0,611.89,1790701,0.0,1,1
0,1,0,0,5423990,0,0,0,2,0,7968,0,0,1,680.72,2711995,0.0,2,0
0,0,0,0,3819395,0,1,0,2,2,4631,0,0,0,824.75,1273131,0.5,0,0
1,0,0,0,4186676,1,1,0,2,1,6682,0,0,0,626.56,1395558,0.5,2,1
0,0,0,0,4136005,0,1,0,2,1,4111,0,0,0,1006.08,1378668,0.5,0,0
0,1,0,0,5277767,0,1,0,2,1,6297,0,0,1,838.14,1759255,0.5,2,0
0,1,1,0,7307114,0,1,0,3,2,7604,1,0,1,960.96,1826778,0.3333333333333333,4,0
0,0,0,0,5170475,0,1,0,2,2,5048,0,0,0,1024.26,1723491,0.5,0,0
0,1,0,0,3211112,0,1,0,2,1,2945,0,0,0,1090.36,1070370,0.5,1,0
1,0,0,0,4122577,0,0,0,2,1,5449,0,0,0,756.57,2061288,0.0,1,1
1,0,1,0,5273081,0,1,0,3,1,6763,0,0,1,779.7,1318270,0.3333333333333333,3,1
0,1,0,0,4969804,0,0,0,2,1,3661,0,0,0,1357.5,2484902,0.0,1,0
0,0,0,0,5388061,0,1,0,3,1,7351,0,0,0,732.97,1347015,0.3333333333333333,0,0
1,0,0,0,4204309,0,1,0,2,1,4535,0,0,0,927.08,1401436,0.5,1,1
0,0,0,0,4792841,0,1,0,3,1,7113,0,0,0,673.81,1198210,0.3333333333333333,0,0
0,0,0,0,4179723,0,1,0,3,1,3992,0,0,0,1047.02,1044930,0.3333333333333333,0,0
0,0,0,0,4282322,0,0,0,2,1,4682,0,0,0,914.64,2141161,0.0,0,0
0,0,0,0,2411245,0,0,0,2,1,2816,0,0,0,856.27,1205622,0.0,0,0
0,1,0,0,7744164,0,1,0,4,1,7364,0,0,0,1051.62,1548832,0.25,1,0
0,0,0,0,4338373,0,1,0,2,1,5988,0,0,0,724.51,1446124,0.5,0,0
1,0,0,0,4551643,0,1,0,2,0,5518,0,0,0,824.87,1517214,0.5,1,1
0,0,0,0,3513162,0,1,0,5,2,3606,0,0,0,974.25,585527,0.2,0,0
0,0,0,0,2723386,0,0,0,2,1,4017,0,1,0,677.97,1361693,0.0,1,0
0,0,0,0,4378312,0,0,0,3,1,3156,0,0,0,1387.3,1459437,0.0,0,0
0,1,0,0,4334387,0,1,0,2,1,5259,0,0,0,824.18,1444795,0.5,1,0
0,2,0,0,4644798,0,1,0,2,1,6294,0,0,0,737.97,1548266,0.5,2,0
0,0,0,0,4258785,0,1,0,3,2,4003,0,0,0,1063.9,1064696,0.3333333333333333,0,0
0,0,0,0,2958852,0,2,0,3,1,3735,0,0,0,792.2,591770,0.6666666666666666,0,0
1,0,0,0,3044882,0,0,0,2,1,4367,0,0,0,697.25,1522441,0.0,1,1
0,0,0,0,3753392,1,1,0,2,1,3627,0,0,0,1034.85,1251130,0.5,1,0
0,0,0,0,4429095,0,1,0,2,1,6305,0,0,0,702.47,1476365,0.5,0,0
0,1,0,0,6252148,0,2,0,4,2,8238,1,0,0,758.94,1042024,0.5,2,0
1,1,0,0,5355279,0,1,0,3,2,4768,0,0,0,1123.17,1338819,0.3333333333333333,2,1
0,0,0,0,4903639,0,1,0,2,2,5522,0,0,0,888.02,1634546,0.5,0,0
0,1,0,0,4676288,0,1,0,2,1,5033,0,0,0,929.13,1558762,0.5,1,0
1,0,0,0,5116079,0,0,0,2,2,5871,0,0,0,871.42,2558039,0.0,1,1
1,0,0,0,2396704,0,1,0,2,1,3712,0,0,0,645.66,798901,0.5,1,1
0,0,0,0,3739291,0,0,0,2,1,6827,0,0,0,547.72,1869645,0.0,0,0
0,0,0,0,2304027,0,0,0,2,1,1974,0,0,0,1167.19,1152013,0.0,0,0
1,1,0,0,6412064,0,0,0,2,3,6151,0,1,0,1042.44,3206032,0.0,3,1
1,0,0,0,4303785,0,0,0,2,1,6561,0,0,0,655.96,2151892,0.0,1,1
1,0,0,0,3986972,0,1,0,3,2,3961,0,0,1,1006.56,996743,0.3333333333333333,2,1
1,1,0,0,4628807,0,1,1,2,1,9688,0,0,0,477.79,1542935,0.5,3,2
0,0,0,0,4713142,0,1,0,2,1,5540,0,0,1,850.75,1571047,0.5,1,0
1,0,0,0,3358921,0,1,0,3,1,4593,1,0,0,731.31,839730,0.3333333333333333,2,1
1,2,0,0,10986858,0,1,0,3,2,6902,0,0,0,1591.84,2746714,0.3333333333333333,3,1
0,0,0,0,3206937,0,1,0,2,1,4531,0,1,0,707.78,1068979,0.5,1,0
0,0,0,0,3992245,0,1,0,2,1,4275,0,0,0,933.86,1330748,0.5,0,0
0,1,0,0,11378875,0,1,0,3,3,6303,0,0,0,1805.31,2844718,0.3333333333333333,1,0
1,1,0,0,6144180,0,0,0,2,1,4009,0,0,0,1532.6,3072090,0.0,2,1
0,0,0,0,5267752,0,1,0,3,3,4689,0,0,0,1123.43,1316938,0.3333333333333333,0,0
0,0,0,0,5266103,0,1,0,2,1,4336,0,0,0,1214.51,1755367,0.5,0,0
1,0,0,0,7029978,0,1,0,2,3,5864,0,0,0,1198.84,2343326,0.5,1,1
0,1,0,0,4070189,0,0,0,3,1,8097,0,0,0,502.68,1356729,0.0,1,0
1,0,0,0,2783711,0,1,0,2,1,3708,0,0,0,750.73,927903,0.5,1,1
0,0,0,0,7037291,0,2,0,2,1,5878,0,0,0,1197.23,1759322,1.0,0,0
1,0,0,0,5348544,0,1,0,2,1,4879,0,0,0,1096.24,1782848,0.5,1,1
1,0,1,0,6010277,0,1,0,3,1,6867,0,0,0,875.24,1502569,0.3333333333333333,2,1
0,0,0,0,4452223,0,1,0,2,2,3579,0,1,0,1243.99,1484074,0.5,1,0
0,1,0,0,3909466,0,2,0,2,1,3281,0,0,0,1191.55,977366,1.0,1,0
1,0,0,1,7678554,0,1,1,2,3,6585,0,0,1,1166.07,2559518,0.5,4,2
0,0,0,0,5369147,0,1,0,2,2,5755,0,0,0,932.95,1789715,0.5,0,0
1,0,0,1,6465191,0,2,0,2,2,5810,0,0,0,1112.77,1616297,1.0,2,1
0,1,0,0,4779574,1,1,0,3,1,3767,0,0,0,1268.8,1194893,0.3333333333333333,2,0
1,0,0,0,3341733,0,1,0,2,1,4457,0,0,0,749.77,1113911,0.5,1,1
0,1,0,0,4446657,0,0,0,2,1,3605,0,0,0,1233.47,2223328,0.0,1,0
1,0,0,0,4549393,0,1,0,2,3,4993,0,0,0,911.15,1516464,0.5,1,1
0,0,0,0,3686781,0,1,1,3,1,7760,0,0,0,475.1,921695,0.3333333333333333,1,1
0,0,0,0,3262143,0,0,0,3,1,3664,0,0,0,890.32,1087381,0.0,0,0
1,2,0,0,3621212,0,1,0,3,2,8366,0,1,0,432.85,905303,0.3333333333333333,4,1
1,1,0,0,6231184,0,1,0,2,2,5427,0,0,0,1148.18,2077061,0.5,2,1
0,0,0,0,6238441,0,1,0,3,2,5522,0,0,0,1129.74,1559610,0.3333333333333333,0,0
1,1,0,0,5109556,1,0,0,2,2,7018,0,0,0,728.06,2554778,0.0,3,1
0,0,0,0,3904521,0,0,0,2,1,2534,0,0,0,1540.85,1952260,0.0,0,0
